,Institution
University of Waterloo,164
University of Saskatchewan,163
McMaster University,83
Environment and Climate Change Canada,52
University of Guelph,45
Global Institute for Water Security,42
Wilfrid Laurier University,41
University of Toronto,36
University of Alberta,32
Wageningen University & Research,30
University of Calgary,29
Jet Propulsion Lab,29
University of Manitoba,24
United States Geological Survey,24
Universität Innsbruck,24
Lawrence Berkeley National Laboratory,24
University of Michigan–Ann Arbor,21
University of Washington,21
Agriculture and Agriculture-Food Canada,20
Natural Resources Canada,19
"University of California, Berkeley",19
University of Arizona,19
University of Quebec at Montreal,19
University of Alaska Fairbanks,18
Max Planck Institute for Biogeochemistry,18
University of Ottawa,17
University of Helsinki,17
Goddard Space Flight Center,17
University of British Columbia,17
Finnish Meteorological Institute,17
University of Nebraska–Lincoln,16
University of Victoria,16
National Center for Atmospheric Research,15
University of Exeter,15
University of Montreal,15
"University of California, Los Angeles",15
University of Chinese Academy of Sciences,14
Stanford University,14
"Swiss Federal Institute for Forest, Snow and Landscape Research",14
ETH Zurich,14
Université Laval,13
Oak Ridge National Laboratory,13
UK Centre for Ecology & Hydrology,13
McGill University,13
Utrecht University,13
University of Melbourne,13
Météo-France,13
Lund University,13
Swedish University of Agricultural Sciences,13
Northern Arizona University,13
Meteorological Service of Canada,13
Queen's University,12
Tsinghua University,12
Helmholtz Centre for Environmental Research,12
Helmholtz Centre Potsdam - GFZ German Research Centre for Geosciences,12
University of Oxford,12
Grenoble Alpes University,11
The Ohio State University,11
University of Northern British Columbia,11
University of Oslo,11
McMaster-Carr,11
Delft University of Technology,11
European Academy of Bozen,11
University of Edinburgh,11
University of Copenhagen,11
Australian National University,11
University of Natural Resources and Life Sciences,10
Institute of Geographic Sciences and Natural Resources Research,10
Woods Hole Research Center,10
Western University,10
VU Amsterdam,10
Utah State University,10
Oregon State University,9
Sun Yat-sen University,9
National Research Council,9
Dalhousie University,9
University of Birmingham,9
Texas A&M University,9
Global Change Research Institute,9
University of Bristol,9
Tuscia University,9
University of Wisconsin–Madison,9
"University of California, Irvine",8
University of Colorado Boulder,8
École Polytechnique Fédérale de Lausanne,8
Zhejiang University,8
US Forest Service,8
Harvard University,8
Université de Sherbrooke,8
University of Lethbridge,8
Cornell University,8
University of Antwerp,8
University of Massachusetts Amherst,8
Smithsonian Conservation Biology Institute,7
Swiss Federal Institute of Aquatic Science and Technology,7
Laboratoire des Sciences du Climat et de l'Environnement,7
The University of Texas at Austin,7
Natural Resources Institute Finland,7
University of Zurich,7
Boston University,7
Nankai University,7
Karlsruhe Institute of Technology,7
University of Sheffield,7
University of Queensland,7
Ducks Unlimited Canada,7
Michigan State University,7
Northwest Institute of Eco-Environment and Resources,7
Fondazione Edmund Mach,7
European Commission,7
University of Göttingen,7
Stockholm University,7
Uppsala University,7
RWTH Aachen University,7
Pennsylvania State University,7
University of Padua,7
Aarhus University,7
Monash University,7
Carleton University,6
King Saud University,6
University of Kansas,6
Czech University of Life Sciences Prague,6
Bolin Centre for Climate Research,6
Arizona State University,6
University of New Hampshire,6
Durham University,6
University of Colorado System,6
Met Office,6
California Institute of Technology,6
Duke University,6
University of Nevada Reno,6
Centre d'Études Spatiales de la Biosphère,6
National University of Singapore,6
TU Wien,6
Alfred Wegener Institute for Polar and Marine Research,6
Agricultural Research Service,6
University of Western Australia,6
University of Geneva,6
Boise State University,5
University of Trento,5
Children's Hospital of Eastern Ontario,5
University of Montana,5
Government of Northwest Territories,5
Northern Research Station,5
University of Vienna,5
University of Minnesota,5
University of Windsor,5
Ryerson University,5
Beihang University,5
University of North Carolina at Chapel Hill,5
University of Reading,5
University of Adelaide,5
UNSW Sydney,5
State Key Laboratory of Pollution Control and Resource Reuse,5
Lomonosov Moscow State University,5
Estonian University of Life Sciences,5
"Ministry of the Environment, Conservation and Parks",5
TU Dresden,5
University of Paris-Saclay,5
University of Arkansas at Fayetteville,5
Northumbria University,5
"University of California, Santa Barbara",5
University of Aberdeen,5
University of Auckland,5
University of Illinois Urbana-Champaign,5
University College London,5
University of Potsdam,5
Columbia University,5
University of Thessaly,5
University of Gothenburg,5
Argonne National Laboratory,5
Western Sydney University,5
Clemson University,5
Seoul National University,5
University of Leeds,5
Imperial College London,5
Fudan University,5
Instituto Pirenaico de Ecología,5
University of Trier,5
University of Tübingen,5
Université Savoie Mont Blanc,5
University of Idaho,5
International Sleep Products Association,4
Smithsonian Tropical Research Institute,4
Agro ParisTech,4
Purdue University West Lafayette,4
IHE Delft Institute for Water Education,4
University of Southampton,4
Michigan Technological University,4
University of Liège,4
University of Cambridge,4
Centre National de Recherches Météorologiques,4
University of Genoa,4
Griffith University,4
University of Alabama,4
Institute of Environmental Geosciences,4
San Diego State University,4
Tufts University,4
CSIRO Land and Water,4
Polytechnique Montréal,4
Meteor,4
National Institute for Space Research,4
University of Córdoba,4
Lancaster University,4
University of Twente,4
Institute of Water Problems,4
French National Centre for Scientific Research,4
Pacific Institute for Climate Solutions,4
Forestry and Forest Products Research Institute,4
The University of Texas MD Anderson Cancer Center,4
Brown University,4
Federal University of Toulouse Midi-Pyrénées,4
University of Pennsylvania,4
KU Leuven,4
Central South University,4
University of Regina,4
Centre of Natural Hazards and Disaster Science,4
Climate and Global Dynamics Laboratory,4
University of New Mexico,4
Pacific Northwest National Laboratory,4
Yale University,4
University of Ontario Institute of Technology,4
North Carolina State University,4
University of Tennessee at Knoxville,4
University of Science and Technology of China,4
National Oceanic and Atmospheric Administration,4
Université du Québec à Rimouski,4
Severtsov Institute of Ecology and Evolution,4
Technical University of Munich,4
East China Normal University,4
University of Southern California,4
Peking University,4
Institute of Arctic and Alpine Research,4
British Geological Survey,4
Newcastle University,4
Massachusetts Institute of Technology,4
Institute of Tibetan Plateau Research,4
University of Winnipeg,4
Institut Pierre-Simon Laplace,4
University of Rostock,4
"University of California, Davis",4
Wuhan University,4
Spanish National Research Council,4
Brigham and Women's Hospital,4
"University of Maryland, College Park",4
Chinese Academy of Meteorological Sciences,4
University of Oulu,4
Trent University,4
University of Chicago,4
Heidelberg University,3
University of Virginia,3
National Laboratory for Agriculture and the Environment,3
University of Manchester,3
Hokkaido University,3
Loughborough University,3
University of Life Sciences,3
Southwest Watershed Research Center,3
University of Waikato,3
Basque Centre for Climate Change,3
Politecnico di Milano,3
University of Copenhagen Faculty of Science,3
Washington State University,3
University of Granada,3
University of Bergen,3
Cardiff University,3
University of Utah,3
Aerospace Information Research Institute,3
University of Milano-Bicocca,3
Beijing Academy of Agricultural and Forestry Sciences,3
Cooperative Institute for Research in Environmental Sciences,3
University of Connecticut,3
University of Technology Sydney,3
University of Notre Dame,3
Max Planck Institute for Meteorology,3
Czech Academy of Sciences,3
Smithsonian Environmental Research Center,3
Environmental Protection Agency,3
Autonomous University of Barcelona,3
University College Dublin,3
Nanjing University,3
Manitoba Hydro,3
Ghent University,3
Leibniz Centre for Agricultural Landscape Research,3
International Institute for Sustainable Development,3
University of Leicester,3
Provincia Autonoma di Trento,3
National Ecological Observatory Network,3
University of the Sunshine Coast,3
International Centre for Integrated Mountain Development,3
Queen Mary University of London,3
Nanjing University of Information Science and Technology,3
Beijing Institute of Technology,3
City University of New York,3
Oeschger Centre for Climate Change Research,3
George Mason University,3
Canada Centre for Remote Sensing,3
Golder Associates,3
Northeastern University,3
University of Bologna,3
National Research Council Canada,3
Chungnam National University,3
University of Graz,3
University of Sassari,3
Ouranos,3
Princeton University,3
University of Tokyo,3
Kyoto University,3
Swansea University,3
Google,3
Goethe University Frankfurt,3
Chinese Research Academy of Environmental Sciences,3
Sapienza University of Rome,3
National Institute for Environmental Studies,3
Federal University of Uberlândia,3
The Nature Conservancy,3
Advanced Research Projects Agency-Energy,3
Leibniz Institute for Baltic Sea Research,3
Stockholm Resilience Centre,3
Concordia University,3
The University of Texas at El Paso,3
Auburn University,3
Trinity College Dublin,3
University of Strathclyde,3
University of Eastern Finland,3
Sandia National Laboratories California,3
Southern Research Station,3
Central Maine Community College,3
Vrije Universiteit Brussel,3
Central Institution for Meteorology and Geodynamics,3
Virginia Commonwealth University,3
University of Liverpool,3
Johannes Kepler University of Linz,3
Chapman University,3
York University,3
Xishuangbanna Tropical Botanical Garden,3
University of Nottingham,3
University of Tartu,3
Rudjer Boskovic Institute,3
Norwegian Water Resources and Energy Directorate,3
University of Salamanca,3
Southern Marine Science and Engineering Guangdong Laboratory,3
Northwestern Polytechnical University,3
University of Florida,3
City University of Hong Kong,3
Polytechnic University of Turin,3
Union College,3
University of Chile,3
Swedish Meteorological and Hydrological Institute,3
University of Lausanne,3
Aalto University,3
Sichuan University,3
Universidade de São Paulo,3
Cairo University,3
Alberta Health Services,3
Simon Fraser University,3
Plymouth Marine Laboratory,3
James Cook University,3
King's College London,3
University of Oklahoma,3
Bushfire and Natural Hazards CRC,3
Technical University of Denmark,3
State University of Campinas,3
Sukachev Institute of Forest,3
Marine Biological Laboratory,3
Baylor University,3
Ministry of Ecology and Environment,3
University of Canterbury,3
Desert Research Institute,3
Guangdong University of Technology,3
University of Freiburg,3
National Agriculture and Food Research Organization,3
Lamont-Doherty Earth Observatory,3
Irvine University,3
Indiana University Bloomington,3
Hohai University,3
"Écologie, Systématique et Évolution",3
Earth System Science Interdisciplinary Center,3
University of Lincoln,2
Lanzhou University,2
Khulna University of Engineering and Technology,2
Hong Kong University of Science and Technology,2
Gorgan University of Agricultural Sciences and Natural Resources,2
National Cheng Kung University,2
Mississippi State University,2
Hefei University of Technology,2
Chinese Center For Disease Control and Prevention,2
Freie Universität Berlin,2
Rice University,2
Alberta Geological Survey,2
Northwest A&F University,2
Catalyst,2
Institute of Atmospheric Sciences and Climate,2
"Research Center for Information Technology Innovation, Academia Sinica",2
Western University College of Veterinary Medicine,2
State University of New York,2
Fujian Medical University,2
Virginia Tech College of Natural Resources and Environment,2
Korea University,2
"University of California, San Francisco",2
Nanjing Institute of Environmental Sciences,2
Universidade Federal de Minas Gerais,2
Emory University,2
Polytechnic University of Cartagena,2
Beijing Forestry University,2
"Rutgers, The State University of New Jersey",2
National University of Malaysia,2
California NanoSystems Institute,2
University of Groningen,2
"St George's, University of London",2
Royal Institute of Technology,2
Scripps Institution of Oceanography,2
University of Augsburg,2
Zhejiang A & F University,2
Japan Agency for Marine-Earth Science and Technology,2
University of Illinois System,2
St. Francis Xavier University,2
University of Central Asia,2
University of Southern Queensland,2
Magellium,2
Stony Brook University,2
Shanxi University,2
Colorado School of Mines,2
Montana State University,2
Fujian Normal University,2
University of Trás-os-Montes and Alto Douro,2
Universität Hamburg,2
St. Michael's Hospital,2
Geode,2
University of York,2
Technische Universität Braunschweig,2
Massachusetts General Hospital,2
University of Bayreuth,2
"California State University, East Bay",2
Laboratoire d’Études en Géophysique et Océanographie Spatiales,2
Museo Nacional de Ciencias Naturales,2
Joint Global Change Research Institute,2
Ruhr University Bochum,2
Obafemi Awolowo University,2
Institute of Environmental Assessment and Water Research,2
Ferdowsi University of Mashhad,2
Landcare Research,2
James Hutton Institute,2
Environmental Change Institute,2
Peking Union Medical College Hospital,2
University of Wrocław,2
Xinjiang Institute of Ecology and Geography,2
Water Security Agency,2
Dalian Institute of Chemical Physics,2
Tyndall National Institute,2
Applied Research Associates,2
Iowa State University,2
University of Florence,2
Technical University of Berlin,2
Research Triangle Park Foundation,2
University of Bern,2
Seoul National University Hospital,2
Roma Tre University,2
Kathmandu,2
Deltares,2
Royal Holloway University of London,2
University of Calabria,2
Trinity College,2
Engineering Systems,2
Sewanee: The University of the South,2
Universidade Federal de Santa Catarina,2
University of Greifswald,2
Public Health Agency of Canada,2
City College of New York,2
Beltsville Agricultural Research Center,2
Hebei University,2
Institut National de Santé Publique du Québec,2
University of St. Gallen,2
Rothamsted Research,2
"Kansas Department of Agriculture, Division of Water Resources",2
Xi'an Jiaotong University,2
University of Fribourg,2
Fisheries and Oceans Canada,2
International Centre for Theoretical Physics,2
École de Technologie Supérieure,2
Siberian Branch of the Russian Academy of Sciences,2
Mendel University in Brno,2
Masaryk University,2
University of Delaware,2
Dalian University of Technology,2
Lakehead University,2
Health Canada,2
Rocky Mountain Research Station,2
European Southern Observatory,2
University of Hong Kong,2
University of Miami,2
Bloomberg,2
Macau University of Science and Technology,2
Washington University in St. Louis,2
University of Coimbra,2
Health Sciences North,2
University of Georgia,2
Colorado State University,2
Institute of Soil and Water Conservation,2
Yugra State University,2
Norwegian University of Science and Technology,2
Federal Office for Agriculture,2
Alberta Ministry of Agriculture and Forestry,2
Geoscience Australia,2
University of Wyoming,2
Norwegian Institute of Bioeconomy Research,2
University of Valencia,2
Terrestrial Ecosystem Research Network,2
Roskilde University,2
Canadian Water Network,2
Tianjin University,2
West China Hospital of Sichuan University,2
Marine Biodiversity Exploitation and Conservation,2
Shanghai Jiao Tong University,2
Institute of Modern Physics,2
University of Colorado Denver,2
University of Iceland,2
Pacific Northwest Research Station,2
Memorial University of Newfoundland,2
National Autonomous University of Mexico,2
University of Ferrara,2
Hunan University,2
Portland State University,2
Shandong University,2
Amirkabir University of Technology,2
Thompson Rivers University,2
Shahid Beheshti University,2
Key Laboratory of Guangdong Province,2
"Li Ka Shing Faculty of Medicine, University of Hong Kong",2
Carnegie Institution for Science,2
University of Houston,2
Woods Hole Oceanographic Institution,2
University of Concepción,2
BGC Engineering,2
Korea Institute of Science and Technology,2
Bielefeld University,2
Canadian Forest Service,2
University of New Brunswick,2
Macquarie University,2
Alberta Environment and Sustainable Resource Development,2
La Trobe University,2
Philipp University of Marburg,2
Institució Catalana de Recerca i Estudis Avançats,2
Pohang University of Science and Technology,2
Federal Institute of Hydrology,2
Nanjing University of Science and Technology,2
CICERO Center for International Climate Research,2
Northwest University,2
"National Research Institute for Agriculture, Food and Environment",2
Regional Municipality of Waterloo,2
Brazilian Agricultural Research Corporation,2
Texas Tech University,2
University of Wollongong,2
Desertification Research Centre,2
Nagoya University,2
University of Bordeaux,2
University of Cape Town,2
"King's College, Aberdeen",2
University of the Republic,2
University of Glasgow,2
Geological Survey of Canada,2
"University of California, Riverside",2
Ministry of Natural Resources and Forestry,2
University of the Balearic Islands,2
University of Castilla-La Mancha,2
Complutense University of Madrid,2
Free University of Bozen-Bolzano,2
University of Pittsburgh,2
Laurentian University,2
"John Snow, Inc",2
Geophysical Fluid Dynamics Laboratory,2
Umeå University,2
Wildlife Conservation Society Canada,2
Yonsei University,2
Helmholtz-Zentrum Hereon,2
Canadian Wildlife Service,2
SupAgro,2
Wuhan University of Technology,2
Korea Polar Research Institute,2
Czech Technical University in Prague,2
"Ministry of Agriculture, Food and Rural Affairs",2
Uludağ University,2
University of St Andrews,2
Air Resources Laboratory,2
National Taiwan University,2
Taiyuan University of Technology,2
Brock University,2
University of Basel,2
Institute of Agricultural Resources and Regional Planning,2
MSD,2
Clausthal University of Technology,2
Gembloux Agro-Bio Tech,2
National University,2
University College Cork,2
Flinders University,2
Tata Institute of Fundamental Research,2
Federal Office of Meteorology and Climatology,2
European Centre for Medium-Range Weather Forecasts,2
Russian Academy of Sciences,2
Chulalongkorn University,2
University of Jyväskylä,2
Tirol Kliniken,2
Stockholm Environment Institute,2
China University of Geosciences,2
Institute of Applied Ecology,2
NASA Headquarters,2
Charles Darwin University,2
University of Debrecen,2
Southern University of Science and Technology,2
Nanjing Medical University,2
Brigham Young University,2
Weizmann Institute of Science,2
Instituto Franco-Argentino sobre Estudios de Clima y sus Impactos,2
CSIRO Oceans and Atmosphere,2
National Park Service,2
Rocky Mountain Research,2
Tawam Hospital,2
University of Hawaii at Manoa,2
Xerox,2
TU Darmstadt,1
Swinburne University of Technology,1
University of Cologne,1
Carnegie UK Trust,1
Saskatchewan Research Council,1
Buck Institute for Research on Aging,1
Wuyi University,1
South China Normal University,1
Federal University of Western Pará,1
The Open University,1
Affiliated Hospital of Hangzhou Normal University,1
University of Extremadura,1
Centre National de la Recherche Scientifique,1
Franklin College,1
Laboratoire Jean Kuntzmann,1
Binghamton University,1
Universitat Politècnica de València,1
University of Hartford,1
Leiden University,1
Revolution Medicines,1
Memorial Sloan Kettering Cancer Center,1
Genentech,1
Pacific Institute,1
Yukon University,1
GNS Science,1
Center for Excellence in Molecular Plant Sciences,1
Dana-Farber Cancer Institute,1
Institute of Ecology and Biodiversity,1
Yunnan University of Finance And Economics,1
Lyons Institute of East Asian Studies,1
National Yang Ming Chiao Tung University,1
National University of Defense Technology,1
Monash University Malaysia,1
Centre Clermont-Auvergne-Rhône-Alpes,1
State Key Laboratory on Integrated Optoelectronics,1
Ikerbasque,1
University of Puerto Rico at Río Piedras,1
Zhongnan University of Economics and Law,1
Laboratoire de Météorologie Dynamique,1
University of Santiago de Compostela,1
Interdisciplinary Center for Scientific Computing,1
Johns Hopkins Medicine,1
Centers for Disease Control and Prevention,1
University of Wisconsin–Milwaukee,1
Steria,1
State Key Laboratory of Information Engineering in Surveying Mapping and Remote Sensing,1
Global Science & Technology,1
Sanofi,1
Minnesota Department of Natural Resources,1
Japan Advanced Institute of Science and Technology,1
Government of Quebec,1
Commonwealth Scientific and Industrial Research Organisation,1
University of Johannesburg,1
UNAVCO,1
University of French Guiana,1
Wellesley College,1
University of Illinois at Chicago,1
"National Academies of Sciences, Engineering, and Medicine",1
Mahidol Oxford Tropical Medicine Research Unit,1
Dartmouth College,1
Nottingham University Hospitals NHS Trust,1
Johann Heinrich von Thünen-Institut,1
Grønlands Naturinstitut,1
Sonora Institute of Technology,1
University of Buenos Aires,1
Canadian Real Estate Association,1
Institute of Electrical and Electronics Engineers,1
Earth Island Institute,1
Agricultural Research Corporation,1
Medical University of Vienna,1
Instituto de Pesquisa Ambiental da Amazônia,1
Andalusian Earth Sciences Institute,1
Forest Research Institute Malaysia,1
Federal University of Para,1
Centro Nacional de Monitoramento e Alertas de Desastres Naturais,1
"Paul Valéry University, Montpellier III",1
Husson University,1
Mount Sinai Health System,1
Tottori University,1
Ospedale di Bolzano,1
Canadian Light Source,1
Research Institute for Nature and Forest,1
International Trademark Association,1
Central South University of Forestry and Technology,1
Council of Scientific and Industrial Research,1
China Three Gorges University,1
Institute of Wetland Research,1
Natural Environment Research Council,1
Sphere Institute,1
King Khalid University,1
Environmental Molecular Sciences Laboratory,1
Stan Cassidy Foundation,1
Data61,1
University of Lleida,1
University of Electronic Science and Technology of China,1
Federal University of Paraíba,1
Xian Institute of Optics and Precision Mechanics,1
National Sun Yat-sen University,1
International Islamic University Malaysia,1
James E. Rogers College of Law,1
South China Institute of Botany,1
Universidade Federal de São João del-Rei,1
National Center for Nanoscience and Technology,1
University of Almería,1
Federal University of Campina Grande,1
Geological Survey of Denmark and Greenland,1
Hôpitaux Universitaires de Strasbourg,1
Toyohashi University of Technology,1
Ecology Action,1
Albert Einstein College of Medicine,1
National University of Entre Ríos,1
Instituto Evandro Chagas,1
Tel Aviv University,1
Anhui Jianzhu University,1
Henan University,1
Maxwell Institute for Mathematical Sciences,1
First Nations Health and Social Secretariat of Manitoba,1
Sunlight Nutrition and Health Research Center,1
Shiraz University,1
Cedars-Sinai Smidt Heart Institute,1
Langley Research Center,1
Consortium of Universities for the Advancement of Hydrologic Science,1
China Pharmaceutical University,1
Chesapeake Bay Program,1
University of Sydney,1
Russian Quantum Center,1
University of Canberra,1
Lou Ruvo Brain Institute,1
Federal University of São Paulo,1
Lyons,1
Korea Advanced Institute of Science and Technology,1
Lahore University of Management Sciences,1
"Islamic Azad University, Estahban Branch",1
Chongqing Medical University,1
Helmholtz Zentrum München,1
Faringdon Day Hospital,1
Unilever,1
University of Patras,1
Teagasc - The Irish Agriculture and Food Development Authority,1
Waterford Institute of Technology,1
State Key Laboratory of Transducer Technology,1
University of Massachusetts Medical School,1
Hebei University of Technology,1
Institute of Infection and Immunity,1
Haemonetics,1
University of Malaya,1
Paul Scherrer Institute,1
Royal Military College of Canada,1
Nord University,1
Park Terrace Care Center,1
Fulbourn Hospital,1
University of Hull,1
Missouri State University,1
University of Würzburg,1
Siberian Federal University,1
University of Belgrade,1
University of Malaga,1
Institute of Hydrodynamics,1
University of Bonn,1
Dalian University,1
University of Central Arkansas,1
Renmin University of China,1
Cayetano Heredia University,1
United Nations University Institute on Comparative Regional Integration Studies,1
Central University of Haryana,1
Northwestern University,1
Centre for Blood Research,1
Marine Science Institute,1
Ningbo Academy of Agricultural Sciences,1
University of Maine,1
Grenoble Institute of Technology,1
University of Ulster,1
Wake Forest University,1
Trinity Hall,1
Hunter New England Local Health District,1
Loma Linda University,1
"University of California, Santa Cruz",1
Institute of Forest Ecology,1
Silva Tarouca Research Institute for Landscape and Ornamental Gardening,1
Chongqing University,1
VA Palo Alto Health Care System,1
Harvard University Press,1
University of Wisconsin–Green Bay,1
Instituto de Catálisis y Petroleoquímica,1
Station d’Écologie Théorique et Expérimentale,1
Royal Meteorological Institute of Belgium,1
Post Graduate Institute of Medical Education and Research,1
University of Bremen,1
University Hospital of Bern,1
Nanjing Tech University,1
International Institute of Tropical Forestry,1
University of South Carolina,1
Wilkes University,1
National Institute of Standards and Technology,1
Georgi Nadjakov Institute of Solid State Physics,1
Analytica,1
Osaka University,1
Turku University Hospital,1
Michael E. DeBakey VA Medical Center,1
University of Louisville,1
Tehran University of Medical Sciences,1
Microsoft,1
European Space Research Institute,1
Freelancer.com,1
Yanshan University,1
Tongji University,1
Wisconsin Department of Natural Resources,1
University of Kentucky,1
PLA Information Engineering University,1
Ilam University,1
"Embry-Riddle Aeronautical University, Daytona Beach",1
Society of Hospital Medicine,1
Corporación Universitaria Autónoma de Nariño,1
Nationwide Children's Hospital,1
Farr Institute,1
Pontifícia Universidade Católica de São Paulo,1
Government of British Columbia,1
St Mary's Hospital,1
Instituto Politécnico Nacional,1
IMT Atlantique,1
St. Joseph’s Healthcare Hamilton,1
University of Rennes 1,1
"Ecosystèmes, Biodiversité, Evolution",1
Pontificia Universidad Católica de Chile,1
Playa Ancha University of Educational Sciences,1
Instituto Tecnológico del Salmón,1
Institute of Automation,1
China University of Mining and Technology,1
IHS Markit,1
Ministry of Education of the People's Republic of China,1
Khulna University,1
Dongguan People’s Hospital,1
Jackson Laboratory,1
Hospital for Sick Children,1
New York University,1
Ottawa Hospital Research Institute,1
Paris-Est Créteil University,1
New York University Langone Medical Center,1
Archer,1
Urban Institute,1
Louisiana State University Health Sciences Center Shreveport,1
Universidad del Rosario,1
Alberta Hospital Edmonton,1
Scripps Research Institute,1
Stollery Children's Hospital,1
Sandia National Laboratories,1
Shenzhen Institutes of Advanced Technology,1
Universidade do Oeste de Santa Catarina,1
Adekunle Ajasin University,1
Saskatoon City Hospital,1
Norleaf Networks,1
University of Barcelona,1
Rio de Janeiro State University,1
Shizuoka General Hospital,1
United States Bureau of Reclamation,1
Institut des Sciences de la Terre,1
University of Iowa Hospitals and Clinics,1
University of Botswana,1
University of Orléans,1
Universidade de Cuiabá,1
International Rice Research Institute,1
Indian Institute of Technology Delhi,1
Functional Ecology and Biogeochemistry of Soils and Agrosystems,1
Vanderbilt University Medical Center,1
King Abdullah University of Science and Technology,1
James S. McDonnell Foundation,1
Barrie Urology Group,1
Universidade de Vigo,1
National Heart Lung and Blood Institute,1
Chinese University of Hong Kong,1
SUNY College of Environmental Science and Forestry,1
Delta Water Management Research Unit,1
Delaware Biotechnology Institute,1
California State University System,1
National Marine Fisheries Service,1
Welsh Ambulance Services NHS Trust,1
Queensland University of Technology,1
Morton Arboretum,1
Working Landscapes,1
Smithsonian Institution,1
National Museum of Natural History,1
University of Trieste,1
Forest Research,1
Université du Québec en Abitibi-Témiscamingue,1
Singapore Centre for Environmental Life Sciences Engineering,1
Pfizer,1
Center for Satellite Applications and Research,1
United Nations Environment Programme,1
Royal Free London NHS Foundation Trust,1
Center for Agricultural Resources Research,1
United States Army Corps of Engineers,1
China Medical University,1
University of Sydney Faculty of Health Sciences,1
Joint Quantum Institute,1
North South University,1
University of Warwick,1
NIHR Southampton Biomedical Research Centre,1
Hunan University of Arts and Science,1
Chongqing Normal University,1
Beijing University of Civil Engineering and Architecture,1
University of Science and Technology Beijing,1
Western University of Health Sciences,1
Chinese Academy of Medical Sciences & Peking Union Medical College,1
United States Department of Agriculture,1
Ontario Clean Water Agency,1
Linköping University,1
British Columbia Children's Hospital,1
Natural Sciences and Engineering Research Council,1
Victoria University of Wellington,1
BC Centre for Disease Control,1
Jiangsu Provincial Center for Disease Control and Prevention,1
Nanyang Technological University,1
National Institute for Communicable Disease Control and Prevention,1
China National Environmental Monitoring Center,1
Nanjing Agricultural University,1
Fenway Health,1
Minzu University of China,1
Hutchinson Technology Incorporated,1
University of Maryland Medical Center,1
University of Baltimore,1
Academia Sinica,1
Institute of Biology of Komi Scientific Centre,1
Ministry of the Environment,1
École Nationale Supérieure des Sciences Agronomiques de Bordeaux-Aquitaine,1
Yulin Normal University,1
Nanjing Normal University,1
Kunming Institute of Botany,1
Institute of Semiconductors,1
National University of Río Cuarto,1
Instituto de Botânica,1
Instituto de Ecología,1
Instituto Nacional de Investigación y Tecnología Agraria y Alimentaria,1
Royal North Shore Hospital,1
University of La Laguna,1
Centro Agronómico Tropical de Investigación y Enseñanza,1
Paul Sabatier University,1
Federal University of Bahia,1
Instituto Superior de Agronomia,1
Stellenbosch University,1
International Institute of Minnesota,1
Comisión Sectorial de Investigación Científica,1
AgResearch,1
Xiamen University,1
Royal Horticultural Society,1
Institute of Natural Resources and Agrobiology of Seville,1
Khon Kaen University,1
Inje University Sanggye Paik Hospital,1
Medical University of Graz,1
University of Jaén,1
Pablo de Olavide University,1
Newcastle upon Tyne Hospitals NHS Foundation Trust,1
Department of Plant Biology,1
Cordoba University,1
National University of Austral Patagonia,1
Peng Cheng Laboratory,1
SUNY Downstate Medical Center,1
Norwegian Environment Agency,1
Khalifa University of Science and Technology,1
Oblikue Consulting,1
Chugachmiut,1
"Birkbeck, University of London",1
Ocean University of China,1
Boston Children's Hospital,1
Kaiser Permanente,1
Universiti Malaysia Sarawak,1
Sichuan Agricultural University,1
University of Guilan,1
Florida International University,1
Jiangsu University,1
Beijing University of Posts and Telecommunications,1
Queensland Health,1
Ceinge Biotecnologie Avanzate,1
Hiroshima University,1
University College Utrecht,1
École Nationale Supérieure d'Ingénieurs de Caen,1
Aberystwyth University,1
Shanghai Institute of Technical Physics,1
Brown Foundation,1
Institute for Sustainable Development,1
Tarbiat Modares University,1
Isfahan University of Medical Sciences,1
Institut de Mathématiques de Toulouse,1
Bocconi University,1
National Severe Storms Laboratory,1
Institut Français,1
Wuhan Institute of Physics and Mathematics,1
Institut National de la Recherche Scientifique,1
First Affiliated Hospital of Jinan University,1
Environmental Defense Fund,1
Nicolaus Copernicus University,1
Cooperative Institute for Mesoscale Meteorological Studies,1
Aqua,1
Kansas State University,1
Nanjing Institute of Geography and Limnology,1
Information Sciences Institute,1
Leeds Teaching Hospitals NHS Trust,1
Saint Louis University,1
European Forest Institute,1
Centre de Coopération Internationale en Recherche Agronomique pour le Développement,1
Fluminense Federal University,1
Zhongshan Hospital,1
Korea Institute of Ocean Science and Technology,1
Sejong General Hospital,1
UPRRP College of Natural Sciences,1
South College,1
Washington State University Spokane,1
Environmental Earth Observation Information Technology,1
Shandong University of Technology,1
Center for Snow and Avalanche Studies,1
Instituto Português do Mar e da Atmosfera,1
Tokyo University of Science,1
Japan Meteorological Agency,1
St Petersburg University,1
Earth System Research Laboratory,1
Institute of Geography,1
Renji Hospital,1
Huazhong University of Science and Technology,1
Leibniz University Hannover,1
Vienna Consulting Engineers,1
"University of California, San Diego",1
Harbin Institute of Technology,1
"Grassland, Soil and Water Research Laboratory",1
Molecular Sciences Software Institute,1
University of Tripoli Lebanon,1
Hospital das Clínicas da Faculdade de Medicina da Universidade de São Paulo,1
Scripps Clinic,1
Ecosystem Sciences,1
Royal Melbourne Hospital,1
University of North Dakota,1
"Ministry of Environment, Forests and Climate Change",1
RAND Corporation,1
Université du Québec à Trois-Rivières,1
Geoscience BC,1
Sungshin Women's University,1
Robarts Research Institute,1
Emory Healthcare,1
Aspen Global Change Institute,1
Kenya Medical Research Institute,1
University of Kent,1
University of Haifa,1
New York Blood Center,1
Corteva,1
Beijing University of Chinese Medicine,1
Zhejiang University of Science and Technology,1
European Bioinformatics Institute,1
University of the Littoral Opal Coast,1
National University of Colombia,1
Levine Cancer Institute,1
Athabasca University,1
University of Upper Alsace,1
Texas Cardiac Arrhythmia,1
Hamilton College,1
United States Fish and Wildlife Service,1
University of Évora,1
International Association of Hydrological Sciences,1
The University of Texas Medical Branch at Galveston,1
Risk Management Solutions,1
Istanbul Technical University,1
The University of Texas at Tyler,1
National Centre for Groundwater Research and Training,1
University of Amsterdam,1
University of Ljubljana,1
Research Institute for Geo-Hydrological Protection,1
National Observatory,1
South China University of Technology,1
Hangzhou Dianzi University,1
Sheba Medical Center,1
Ege University,1
Reykjavík University,1
Université Gustave Eiffel,1
Andalusian Institute of Agricultural and Fisheries Research and Training,1
Bristol-Myers Squibb,1
University of Stuttgart,1
Institute for Interdisciplinary Mountain Research,1
Slovak Hydrometeorological Institute,1
Koblenz University of Applied Sciences,1
Slovak Academy of Sciences,1
Bahauddin Zakariya University,1
University of Latvia,1
University of Duisburg-Essen,1
Beijing National Laboratory for Molecular Sciences,1
National Commission for the Knowledge and Use of Biodiversity,1
South African National Parks,1
West Virginia University,1
Institute of Soil Science,1
Beijing Institute of Nanoenergy and Nanosystems,1
Niels Bohr Institute,1
Samford University,1
Syracuse University,1
Foshan University,1
Community Health Alliance,1
Tanta University,1
Chalmers University of Technology,1
New Generation University College,1
Stevens Institute of Technology,1
"National University of Ireland, Galway",1
Bangor University,1
Ministry of Water and Irrigation,1
National Institute of Amazonian Research,1
Tibet University,1
Litani River Authority,1
Centro de Edafología y Biología Aplicada del Segura,1
International Maize and Wheat Improvement Center,1
Sikkim Manipal University,1
Bangladesh Atomic Energy Commission,1
Simons Center for Geometry and Physics,1
Wildlife Conservation Society,1
Field Museum of Natural History,1
Charles Sturt University,1
Green Templeton College,1
Nanjing University of Posts and Telecommunications,1
University of Lapland,1
Slovak University of Technology in Bratislava,1
Institute of Hydrobiology,1
Université Sultan Moulay Slimane,1
Medical College of Wisconsin,1
University of Stirling,1
University of the Witwatersrand,1
Royal Botanic Garden Edinburgh,1
University of Pretoria,1
University of Chicago Medical Center,1
Steward Health Care System,1
Curtin University,1
College of Charleston,1
Synthes,1
Rhodes University,1
George Washington University,1
Institute of Ecology and Environmental Sciences Paris,1
Visual Sciences,1
Alberta Biodiversity Monitoring Institute,1
Uniwersytecki Szpital Kliniczny w Olsztynie,1
Universidade Nova de Lisboa,1
Centro Agronomico Tropical de Investigacion y Ensenanza Catie,1
Université Catholique de Louvain,1
Université Côte d'Azur,1
Sony Corporation,1
SKA Observatory,1
École des Ponts ParisTech,1
UCL Australia,1
Lokmanya Tilak Municipal General Hospital and Lokmanya Tilak Municipal Medical College,1
Bangladesh University of Engineering and Technology,1
Cadi Ayyad University,1
Montana Institute on Ecosystems,1
Hexi University,1
Government of Canada,1
The Royal Free Hospital,1
Chinese PLA General Hospital,1
Excellence Cluster Origins,1
Lethbridge College,1
Hong Kong Baptist University,1
Johns Hopkins University,1
Indian Institute of Technology Indore,1
Indian Institute of Technology Kharagpur,1
Regional Government of Andalusia,1
Advanced Micro Devices,1
Addis Ababa University,1
The University of Texas Health Science Center at San Antonio,1
Oil Crops Research Institute,1
Leipzig University,1
Beijing Normal University,1
Bowling Green State University,1
MerLion Pharma,1
Norwegian Computing Center,1
"Geophysical Institute, University of Bergen",1
ARC Centre of Excellence for Climate System Science,1
International Institute for Applied Systems Analysis,1
North China University of Water Conservancy and Electric Power,1
Board of the Swiss Federal Institutes of Technology,1
University of Naples Federico II,1
International Livestock Research Institute,1
Federal University of Lavras,1
Brandeis University,1
Shanghai University of Electric Power,1
Dutch Research Council,1
"California State University, Sacramento",1
Shanghai Ocean University,1
Huaihai Institute of Technology,1
Anhui University,1
Atlantic Oceanographic and Meteorological Laboratory,1
Bridgewater State University,1
University of Tehran,1
Isfahan University of Technology,1
Salesforce.com,1
Midwestern University,1
Jinan University,1
Changsha University of Science and Technology,1
Hunan Normal University,1
Queen Elizabeth II Health Sciences Centre,1
Center for Northern Studies,1
Tartu Observatory,1
Nanchang University,1
State Key Laboratory of Remote Sensing Science,1
Brookhaven National Laboratory,1
"Agency for Science, Technology and Research",1
Changshu Institute of Technology,1
Sun Yat-sen Memorial Hospital,1
Collaborative Innovation Center of Advanced Microstructures,1
University of South Florida,1
Tyndall Centre,1
Southeast University,1
Victoria University,1
Colgate University,1
Mount Royal University,1
Shanghai Medical College of Fudan University,1
Ames Research Center,1
The University of Kitakyushu,1
Great Lakes Bioenergy Research Center,1
University of Rochester,1
Diabetes Foundation,1
Agroscope,1
Northeast Normal University,1
Manchester Metropolitan University,1
Abisko Scientific Research Station,1
Komarov Botanical Institute,1
Hong Kong Environmental Protection Department,1
Institute of Biodiversity and Ecosystem Research,1
Babeș-Bolyai University,1
Federal State Budgetary Scientific Institution Research Institute of Medical Primatology,1
Adam Mickiewicz University in Poznań,1
Boston College,1
Gannan Normal University,1
Bulgarian Academy of Sciences,1
Australian Regenerative Medicine Institute,1
Radboud University Nijmegen,1
National Institute of Water and Atmospheric Research,1
Connolly Hospital Blanchardstown,1
University of Essex,1
TÉLUQ University,1
The University of Texas Health Science Center at Houston,1
Tufts Medical Center,1
University of Otago,1
Kindai University,1
Institute of Physiology and Pathology of Hearing,1
"University of Nevada, Las Vegas",1
Shanghai Clinical Research Center,1
United States Air Force Research Laboratory,1
Miami-Dade County Public Schools,1
San Francisco Estuary Institute,1
Towson University,1
Shinshu University,1
Swiss Polar Institute,1
Asiaq Greenland Survey,1
Mitchell Institute,1
Tanjungpura University,1
Instituto de Ganadería de Montaña,1
Bowdoin College,1
TU Dortmund University,1
Mount Holyoke College,1
Florida State University,1
Laboratoire Écologie Fonctionnelle et Environnement,1
Cranfield University,1
Martin Luther University Halle-Wittenberg,1
Uva Wellassa University,1
Queen's University Belfast,1
Hôpital Saint-Antoine,1
Indian Institute of Technology Bombay,1
United International University,1
"G. B. Pant Engineering College, New Delhi",1
Saarland University,1
University of Michigan–Dearborn,1
Fredric Rieders Family Foundation,1
First Nations University of Canada,1
Sam Houston State University,1
St. James's Hospital,1
Arctic Research Centre,1
Alaska Biological Research,1
Jiangsu Normal University,1
Kunming Medical University,1
Tongji Medical College,1
Inter-American Development Bank,1
University of Missouri,1
Beni-Suef University,1
Chongqing University of Posts and Telecommunications,1
Qingdao National Laboratory for Marine Science and Technology,1
Helmholtz-Zentrum Dresden-Rossendorf,1
Harbin Engineering University,1
Liquid Crystal Institute,1
Institute of Mechanics,1
Rensselaer Polytechnic Institute,1
Seattle Children's Hospital,1
National Institute of Advanced Industrial Science and Technology,1
Royal Children's Hospital,1
Ontario Agricultural College,1
Western Norway University of Applied Sciences,1
Tribhuvan University,1
Kyushu University,1
"University of Maryland, Baltimore County",1
Science Applications International Corporation,1
Agenzia Regionale per la Protezione Ambientale,1
University of Paderborn,1
University of Pisa,1
Slovenian Environment Agency,1
Leibniz Institute DSMZ – German Collection of Microorganisms and Cell Cultures,1
National Renewable Energy Laboratory,1
Atatürk University,1
Shanghai Normal University,1
Boğaziçi University,1
Worcester State University,1
North-Eastern Federal University,1
National University of Kyiv Mohyla Academy,1
Center for Translational Research in Neuroimaging and Data Science,1
Troitsk Institute for Innovation and Fusion Research,1
Australian Research Council,1
Laboratoire d’Océanologie et de Géosciences,1
Institut National de la Recherche Agronomique,1
University of Shiga Prefecture,1
Ecology and Dynamics of Human Influenced Systems,1
Sorbonne,1
Great Lakes Commission,1
Grand Valley State University,1
University of Konstanz,1
Clarkson University,1
Central Michigan University,1
Pyhäjärvi Institute,1
Kunsan National University,1
Kyungpook National University,1
Dong-A University,1
Guangdong Academy of Medical Sciences,1
Microsoft Research Asia,1
Shenzhen University,1
Guizhou University,1
VA Ann Arbor Healthcare System,1
Zhejiang Chinese Medical University,1
Örebro University,1
Ontario Power Generation,1
Yunnan University,1
Joint BioEnergy Institute,1
Carnegie Mellon University,1
Franklin & Marshall College,1
Miami University,1
Oklahoma State University Center for Health Sciences,1
Sultan Qaboos University,1
East West University,1
ARC Centre of Excellence for Dark Matter Particle Physics,1
Borys Grinchenko Kyiv University,1
American Geophysical Union,1
National Institute of Diabetes and Digestive and Kidney Diseases,1
East Tennessee State University,1
British Antarctic Survey,1
Landesklinikum Korneuburg,1
Hawassa University,1
Humboldt-Universität zu Berlin,1
Millsaps College,1
Research Centre for Toxic Compounds in the Environment,1
Lafayette College,1
Lehigh University,1
Denver Federal Center,1
University of Pittsburgh Medical Center,1
iNano Medical,1
Innsbruck Medical University,1
North Dakota State University,1
Sungkyunkwan University,1
Seoul National University of Education,1
Fondazione IRCCS Ca' Granda Ospedale Maggiore Policlinico,1
Zhengzhou University,1
Sydney Children's Hospital,1
University of Montpellier,1
Wright State University,1
Flame University,1
Parker H. Petit Institute for Bioengineering & Bioscience,1
Regenstrief Institute,1
University of Agriculture Faisalabad,1
First Affiliated Hospital of Soochow University,1
Royal Brisbane and Women's Hospital,1
Murray State University,1
Southern Medical University,1
Maimonides Medical Center,1
MRC Epidemiology Unit,1
Roslin Institute,1
MBIA,1
Royal Navy,1
Instituto Superior Técnico,1
Johns Hopkins University Applied Physics Laboratory,1
Chevron,1
Karolinska Institute,1
University of Erlangen-Nuremberg,1
National Institute of Science Education and Research,1
"University of California, Merced",1
Manchester University NHS Foundation Trust,1
University of Neuchâtel,1
São Paulo State University,1
Shanghai Ninth People's Hospital,1
Centre for Research on Ecology and Forestry Applications,1
Ashoka Trust for Research in Ecology and the Environment,1
Guangxi Normal University,1
"United Nations University Institute on Globalization, Culture and Mobility",1
Brandon University,1
"China University of Petroleum, Beijing",1
Hospital da Luz,1
Melnikov Permafrost Institute of the Siberian Branch of the Russian Academy of Science,1
Institut de Recherche pour le Développement,1
L. N. Gumilyov Eurasian National University,1
University of Girona,1
Bjerknes Centre for Climate Research,1
Lebanese University,1
State Hydrological Institute,1
Institute of Geology and Geophysics,1
National Technical University of Athens,1
Hospital Clínic de Barcelona,1
University of Porto,1
MRC University of Glasgow Centre for Virus Research,1
University of Salento,1
Middle East Technical University,1
Graduate Institute of International and Development Studies,1
Laboratory HydroSciences Montpellier,1
West African Science Service Centre on Climate Change and Adapted Land Use,1
Gesellschaft für Anlagen und Reaktorsicherheit,1
Chang'an University,1
University of Banja Luka,1
Hubei University of Automotive Technology,1
University of Paris-Sud,1
AGH University of Science and Technology,1
Ingham Institute,1
IVL Swedish Environmental Research Institute,1
Prince of Wales Hospital,1
Indian Institute of Technology Roorkee,1
Sustainability Institute,1
Environment Agency,1
Minnow Environmental,1
Jilin University,1
"University at Buffalo, State University of New York",1
Indian Institute of Science Education and Research Kolkata,1
Canola Council of Canada,1
Norwegian Institute for Water Research,1
Université de Parakou,1
Fuzhou University,1
Centre of Biomedical Research,1
Chengdu University of Technology,1
Mälardalen University,1
UiT The Arctic University of Norway,1
Far Eastern Branch of the Russian Academy of Sciences,1
University of Alaska Anchorage,1
Beijing Jiaotong University,1
University of Luxembourg,1
Technical University of Crete,1
University of Hawaii System,1
Weihenstephan-Triesdorf University of Applied Sciences,1
Ben-Gurion University of the Negev,1
Texas A&M University – Corpus Christi,1
Cook County Health and Hospitals System,1
Tulane University,1
Ellinbank Observatory,1
National Institute for Biological Standards and Control,1
University of South Florida St. Petersburg,1
McLaren Regional Medical Center,1
National Oceanography Centre,1
Cleveland Clinic,1
Nipissing University,1
Nanjing Drum Tower Hospital,1
National Center for Toxicological Research,1
"California State University, Fresno",1
Georgetown University Medical Center,1
University of Bath,1
Indiana University,1
Paris-Sorbonne University,1
Los Alamos National Laboratory,1
Morgan State University,1
Rathenau Instituut,1
Space Telescope Science Institute,1
Institute of Mountain Hazards and Environment,1
Centre Européen de Recherche et de Formation Avancée en Calcul Scientifique,1
Northeast Institute of Geography and Agroecology,1
Sun Yat-sen University Cancer Center,1
Scottish Water,1
Guangzhou Institute of Geochemistry,1
Georg Simon Ohm University of Applied Sciences Nuremberg,1
Fraunhofer Institute for Microstructure of Materials and Systems,1
Polish Academy of Sciences,1
Warsaw University of Technology,1
Wroclaw University of Environmental and Life Sciences,1
German Aerospace Center,1
German Center for Neurodegenerative Diseases,1
Center for Excellence in Brain Science and Intelligence Technology,1
Office of Oceanic and Atmospheric Research,1
Deakin University,1
Osaka Prefecture University,1
Universidade Federal do ABC,1
