Institution,code
University of Saskatchewan,1
University of Waterloo,2
Global Institute for Water Security,3
McMaster University,4
Environment and Climate Change Canada,5
Wilfrid Laurier University,6
University of Calgary,7
University of Guelph,8
Université de Montréal,9
University of Alberta,10
Northern Arizona University,11
Australian National University,12
University of Manitoba,13
Université du Québec à Montréal,14
University of Toronto,15
University of Arizona,16
National Center for Atmospheric Research,17
Woodwell Climate Research Center,18
University of British Columbia,19
Universität Innsbruck,20
Finnish Meteorological Institute,21
Natural Resources Canada,22
University of Alaska Fairbanks,23
Lawrence Berkeley National Laboratory,24
Swedish University of Agricultural Sciences,25
Helmholtz Centre Potsdam - GFZ German Research Centre for Geosciences,26
Jet Propulsion Laboratory,27
Baylor University,28
University of Northern British Columbia,29
University of Ottawa,30
University of Helsinki,31
Université Laval,32
United States Geological Survey,33
Max Planck Institute for Biogeochemistry,34
Wageningen University & Research,35
"Swiss Federal Institute for Forest, Snow and Landscape Research",36
Agriculture and Agri-Food Canada,37
University of Chinese Academy of Sciences,38
Aarhus University,39
San Diego State University,40
Dalhousie University,41
"University of California, Berkeley",42
Nanjing University of Information Science and Technology,43
ETH Zurich,44
National Research Council,45
Lund University,46
Queen's University,47
Nanjing Institute of Environmental Sciences,48
University of Wisconsin–Madison,49
Trent University,50
Vrije Universiteit Amsterdam,51
University of Copenhagen,52
Goddard Space Flight Center,53
Climate & Global Dynamics,54
UK Centre for Ecology & Hydrology,55
Météo-France,56
University of Nebraska–Lincoln,57
Shenzhen University,58
McGill University,59
University of Colorado Boulder,60
Canmore Museum and Geoscience Centre,61
Alfred Wegener Institute for Polar and Marine Research,62
Instituto Pirenaico de Ecología,63
University of Colorado System,64
Stanford University,65
University of Washington,66
University of Bristol,67
Center for Northern Studies,68
University of Edinburgh,69
Alberta Environment and Protected Areas,70
Government of Northwest Territories,71
European Academy of Bolzano,72
Joint Research Centre,73
Severtsov Institute of Ecology and Evolution,74
French National Centre for Scientific Research,75
"Czech Academy of Sciences, Global Change Research Institute",76
The Ohio State University,77
Natural Resources Institute Finland,78
Waseda University,79
Centre d'Études Spatiales de la Biosphère,80
Carleton University,81
Northumbria University,82
Canadian Forest Service,83
University of Zurich,84
Karlsruhe Institute of Technology,85
University of Illinois Urbana-Champaign,86
Pennsylvania State University,87
"National Research Institute for Agriculture, Food and Environment",88
University of Melbourne,89
University of Michigan–Ann Arbor,90
Finland University,91
Oregon State University,92
Thompson Rivers University,93
University of Victoria,94
Euro-Mediterranean Center for Climate Change,95
Czech University of Life Sciences Prague,96
Michigan Technological University,97
Henan Polytechnic University,98
University of Potsdam,99
University of Lethbridge,100
"University of California, Los Angeles",101
3v Geomatics (Canada),102
Institute of Environmental Geosciences,103
Bolin Centre for Climate Research,104
York University,105
Osaka Prefecture University,106
Michigan State University,107
Pacific Institute for Climate Solutions,108
Khulna University,109
University of Hawaii–West Oahu,110
Public Health Agency of Canada,111
Oak Ridge National Laboratory,112
Fondazione Edmund Mach,113
"University of California, Irvine",114
University of Arkansas at Fayetteville,115
Texas A&M University,116
Northern Research Station,117
Children's Hospital of Eastern Ontario,118
Stockholm University,119
Western University,120
Norsk Hydro (Germany),121
University of Liège,122
Victoria University of Wellington,123
Tuscia University,124
International Institute for Sustainable Development,125
University of Utah,126
Yukon University,127
Henan Nonferrous Metals Geological Exploration Institute,128
Research Applications (United States),129
University of Patras,130
Beijing Normal University,131
Ouranos,132
Laboratoire des Sciences du Climat et de l'Environnement,133
University of Göttingen,134
University of Massachusetts Amherst,135
Grenoble Alpes University,136
University of Minnesota,137
University of Florida,138
Google (Israel),139
University of Oslo,140
Rode Kruis-Vlaanderen,141
Walker (United States),142
Agenzia Regionale per la Protezione Ambientale,143
Universität Hamburg,144
University of Porto,145
Utrecht University,146
University of New Brunswick,147
University of Winnipeg,148
Zhejiang University,149
University of Virginia,150
The University of Texas at Austin,151
Lamont-Doherty Earth Observatory,152
Argonne National Laboratory,153
Norwegian Institute of Bioeconomy Research,154
University of Eastern Finland,155
University of Antwerp,156
Tsinghua University,157
Leibniz Institute of Freshwater Ecology and Inland Fisheries,158
TU Dresden,159
University of Delaware,160
Utah State University,161
Delft University of Technology,162
Toronto Metropolitan University,163
University of Montana,164
Louisiana Department of Natural Resources,165
University of Aberdeen,166
University of Leeds,167
Brigham Young University,168
"University of Natural Resources and Life Sciences, Vienna",169
Institute of Water Problems,170
Geological Survey of Canada,171
Federal Office for Agriculture,172
Shandong University,173
Swiss Federal Institute of Aquatic Science and Technology,174
Ospedale di Bolzano,175
Sun Yat-sen University,176
Water Security Agency,177
University of Waikato,178
Hokkaido University,179
Sharif University of Technology,180
Government of Canada,181
University of Exeter,182
University of Windsor,183
Japan Agency for Marine-Earth Science and Technology,184
Boise State University,185
Centre for Research on Ecology and Forestry Applications,186
Virginia Commonwealth University,187
University of Regina,188
Ducks Unlimited Canada,189
IHE Delft Institute for Water Education,190
Arizona State University,191
University of Notre Dame,192
Uppsala University,193
Seoul National University,194
"University of California, Davis",195
Memorial University of Newfoundland,196
King Saud University,197
University of Oxford,198
"University of California, Santa Barbara",199
Western Sydney University,200
Cornell University,201
Ministry of Natural Resources and Forestry,202
China University of Geosciences,203
Florida International University,204
Irvine University,205
Peking University,206
Los Alamos National Laboratory,207
Pacific Northwest National Laboratory,208
Andalusian Earth Sciences Institute,209
Fisheries and Oceans Canada,210
University of Queensland,211
North Carolina State University,212
Université du Québec à Trois-Rivières,213
University of Tennessee at Knoxville,214
University of Western Australia,215
Lancaster University,216
Ghent University,217
Hohai University,218
Indiana University Bloomington,219
Ministry of Ecology and Environment,220
The University of Tokyo,221
Impact,222
Wildlife Conservation Society Canada,223
University of Birmingham,224
University of Trento,225
European Centre for Medium-Range Weather Forecasts,226
Forschungszentrum Jülich,227
National University of Singapore,228
Southern Marine Science and Engineering Guangdong Laboratory,229
Royal Netherlands Institute for Sea Research,230
Agricultural Research Service,231
University of Concepción,232
United States Department of Agriculture,233
British Geological Survey,234
Hokkaido Agricultural Research Center,235
The University of Texas at El Paso,236
University of Padua,237
Sapienza University of Rome,238
Mitre (United States),239
"Ministry of Agriculture, Food and Rural Affairs",240
Leibniz Centre for Agricultural Landscape Research,241
Oeschger Centre for Climate Change Research,242
Princeton University,243
Terrestrial Ecosystem Research Network,244
Weihenstephan-Triesdorf University of Applied Sciences,245
University of Tübingen,246
Centre of Natural Hazards and Disaster Science,247
National Park Service,248
Jiangxi Academy of Agricultural Sciences,249
University of New Hampshire,250
Kyoto University,251
Université du Québec,252
University of Freiburg,253
University of Trier,254
University of Wrocław,255
Trinity College Dublin,256
Helmholtz Centre for Environmental Research,257
Institute of Geographic Sciences and Natural Resources Research,258
Johann Heinrich von Thünen-Institut,259
Manitoba Hydro,260
University of Vienna,261
Columbia University,262
Chinese Academy of Sciences,263
University of Sheffield,264
University of Adelaide,265
King Abdullah University of Science and Technology,266
University of Alabama,267
Grenoble Institute of Technology,268
TU Wien,269
Commonwealth Scientific and Industrial Research Organisation,270
Desert Research Institute,271
Children's Hospital of Philadelphia,272
Nipissing University,273
Lomonosov Moscow State University,274
Forest Research,275
Nankai University,276
National Zoological Park,277
Tianjin University,278
Xidian University,279
Southern Research Station,280
Jilin University,281
Imperial College London,282
University of the Republic,283
Virginia Tech,284
Met Office,285
Centre de Géomatique du Québec,286
National Ecological Observatory Network,287
National Technical University of Athens,288
Leipzig University,289
Chapman University,290
Harvard University,291
University of Life Sciences in Lublin,292
Swedish Meteorological and Hydrological Institute,293
Brock University,294
Rocky Mountain Research Station,295
Duke University,296
Christchurch Clinical Studies Trust,297
Silva,298
University of Geneva,299
Provincia Autonoma di Trento,300
Centre National de Recherches Météorologiques,301
Forest Institute,302
Institut Polytechnique de Paris,303
North China University of Science and Technology,304
Universidade Federal de Santa Catarina,305
Colorado State University,306
Estonian University of Life Sciences,307
University of Illinois at Chicago,308
Auburn University,309
Computational Sciences (United States),310
Institute of Meteorology and Water Management,311
Davidson College,312
Colgate University,313
James Cook University,314
Dana-Farber/Harvard Cancer Center,315
Cranfield University,316
Deltares,317
American Heart Association,318
Earth System Science Interdisciplinary Center,319
Technical University of Denmark,320
Regional Municipality of Waterloo,321
Tribhuvan University,322
Providence College,323
University of Tartu,324
University of New Mexico,325
Acuitas Therapeutics (Canada),326
University of Gothenburg,327
City University of Hong Kong,328
Clemson University,329
BGC Engineering (Canada),330
Forestry and Forest Products Research Institute,331
Newcastle University,332
National Oceanic and Atmospheric Administration,333
University of Graz,334
Beijing University of Posts and Telecommunications,335
CSIRO Oceans and Atmosphere,336
Rogers (United States),337
Sukachev Institute of Forest,338
Technical University of Munich,339
Elon University,340
National Institute for Space Research,341
Chungnam National University,342
Monash University,343
Vrije Universiteit Brussel,344
Amazon (United States),345
Polytechnique Montréal,346
Health Sciences North,347
KU Leuven,348
A.M. Obukhov Institute of Atmospheric Physics,349
Nanjing Agricultural University,350
"Ministry of the Environment, Conservation and Parks",351
"National Academies of Sciences, Engineering, and Medicine",352
Instituut voor Tropische Geneeskunde,353
École Polytechnique Fédérale de Lausanne,354
Universitat de les Illes Balears,355
Tianjin University of Traditional Chinese Medicine,356
Cardiff University,357
Northwest Institute of Eco-Environment and Resources,358
Norwegian Institute for Water Research,359
Centre Intégré Universitaire de Santé et de Services Sociaux du Centre-Sud-de-l'Île-de-Montréal,360
Sidi Mohamed Ben Abdellah University,361
Goethe University Frankfurt,362
Xiamen University,363
At Bristol,364
École Nationale Supérieure des Sciences Agronomiques de Bordeaux-Aquitaine,365
University of Bergen,366
Korea University,367
"University at Albany, State University of New York",368
University of Granada,369
University of Connecticut,370
Carnegie Institution for Science,371
University College Dublin,372
Agriculture and Food,373
Max Planck Institute for Meteorology,374
Tongji Hospital,375
University of Twente,376
Functional Ecology and Biogeochemistry of Soils and Agrosystems,377
China Academy of Engineering Physics,378
Institut National de la Recherche Scientifique,379
State Key Laboratory of Pollution Control and Resource Reuse,380
Federal University of Uberlândia,381
Université du Québec à Rimouski,382
ASL Environmental Sciences (Canada),383
KWJ Engineering (United States),384
Institut Sénégalais de Recherches Agricoles,385
Institute of Materials Research and Engineering,386
Université Catholique de Louvain,387
Universidade Estadual de Campinas,388
Yonsei University,389
Rocky Mountain Research (United States),390
Durham University,391
University of Bayreuth,392
Yunnan Academy of Agricultural Sciences,393
Cold Regions Research and Engineering Laboratory,394
Science Systems and Applications (United States),395
Microscale (United States),396
Aalto University,397
East China Normal University,398
University of Genoa,399
Union College,400
Toronto and Region Conservation Authority,401
Norwegian University of Science and Technology,402
Radboud University Nijmegen,403
Nanjing Normal University,404
University of Lausanne,405
University of Castilla-La Mancha,406
Université de Sherbrooke,407
Physikalisch-Meteorologisches Observatorium Davos,408
Toronto General Hospital,409
Government of Alberta,410
Nicolaus Copernicus University,411
Ministry of Environment,412
"University of California, San Diego",413
Chongqing University,414
Guizhou University,415
Minnow Environmental (Canada),416
LI-COR Biosciences (United States),417
University of Plymouth,418
German Meteorological Service,419
Space Information Laboratories (United States),420
Linnaeus University,421
Functional Ecology and Ecotoxicology of AgroEcosystems,422
University of Idaho,423
"Ecosystèmes, Biodiversité, Evolution",424
Tyndall Centre,425
Swarthmore College,426
University of Córdoba,427
Institute of Oil and Gas Problems of the Siberian Branch of the RAS,428
CentrEau - Quebec Water Management Research Centre,429
Concordia University,430
Charles Darwin University,431
Agro ParisTech,432
Geoscience Australia,433
Lungenklinik Köln-Merheim,434
University of Wyoming,435
Integrated Carbon Observation System,436
Beijing Academy of Agricultural and Forestry Sciences,437
Boston University,438
Leibniz Association,439
West Virginia University,440
Aboriginal Affairs Northern Dev Canada,441
University of Reading,442
Universidade de São Paulo,443
Anhui Agricultural University,444
Simon Fraser University,445
University of Rostock,446
Heidelberg University,447
Cairo University,448
Air Resources Laboratory,449
University of Kansas,450
Soil Agro and Hydrosystems Spatialization,451
Lawrence Livermore National Laboratory,452
University of Nottingham,453
University of Alaska Anchorage,454
University of Florence,455
CSIRO Land and Water,456
Physical Sciences Laboratory,457
Xi’an Jiaotong-Liverpool University,458
University of New England,459
Roma Tre University,460
Lakehead University,461
California Institute of Technology,462
Southwest University,463
Chinese Academy of Agricultural Sciences,464
Washington State University,465
Sichuan University,466
Tongji University,467
"United Nations University Institute for Water, Environment, and Health",468
Georg Simon Ohm University of Applied Sciences Nuremberg,469
Johannes Kepler University of Linz,470
Stomatology Hospital,471
Université de Toulouse,472
Craigavon Area Hospital,473
Zürich Airport (Switzerland),474
National Research Council Canada,475
Brazilian Agricultural Research Corporation,476
University of Maine,477
Wyoming Department of Education,478
Universiti Malaysia Sarawak,479
Canadian Institute for Public Safety Research and Treatment,480
Regional Municipality of Durham,481
Massachusetts Institute of Technology,482
Zhejiang University of Technology,483
National Soil Erosion Research Laboratory,484
University of Auckland,485
Consortium of Universities for the Advancement of Hydrologic Science,486
George Mason University,487
Dalian Polytechnic University,488
Ruhr University Bochum,489
Planetary Science Institute,490
Tufts University,491
National Institute for Environmental Studies,492
Changzhou University,493
Institute of Hydrobiology,494
Université Paul-Valéry Montpellier,495
North West Agriculture and Forestry University,496
University of Thessaly,497
Chongqing Normal University,498
Ontario Clean Water Agency,499
"Vietnam National University, Ho Chi Minh City",500
"Fraunhofer Institute of Optronics, System Technologies and Image Exploitation",501
Helmholtz-Zentrum Hereon,502
Purdue University West Lafayette,503
University College Cork,504
University of Ontario Institute of Technology,505
University of Greifswald,506
University of North Carolina at Chapel Hill,507
Dalian University of Technology,508
Masaryk University,509
Hamilton College,510
Institute of Geography,511
University of Groningen,512
Agroscope,513
Northeast Normal University,514
Beihua University,515
University of South Alabama,516
Lucerne University of Applied Sciences and Arts,517
Portuguese Sea and Atmosphere Institute,518
Plymouth Marine Laboratory,519
Autonomous University of Barcelona,520
Northwest Watershed Research Center,521
Mendel University in Brno,522
Universidad de Salamanca,523
Australian Mathematical Sciences Institute,524
Qufu Normal University,525
Palo Alto Institute,526
Xinjiang Institute of Ecology and Geography,527
"California State University, San Marcos",528
Xi'an Jiaotong University,529
University of Bologna,530
Beijing Technology and Business University,531
Leibniz Institute for Baltic Sea Research,532
Zhengzhou University,533
Beijing Jiaotong University,534
Global Science & Technology (United States),535
Bern University of Applied Sciences,536
University of Sydney,537
"California State University, East Bay",538
Dutch Research Council,539
The Nature Conservancy,540
Polytechnic University of Turin,541
Assembly of First Nations,542
Ningxia University,543
University of New Hampshire at Manchester,544
Southwest Watershed Research Center,545
Fujian Inspection and Research Institute for Product Quality,546
University of Milano-Bicocca,547
Yale University,548
Northeast Forestry University,549
Beihang University,550
Central Institution for Meteorology and Geodynamics,551
Russian Academy of Sciences,552
Khulna University of Engineering and Technology,553
National Laboratory for Agriculture and the Environment,554
Institute of Atmospheric Sciences and Climate,555
University of Pittsburgh,556
London School of Economics and Political Science,557
Hebei North University,558
Great Lakes Environmental Research Laboratory,559
Manaaki Whenua – Landcare Research,560
Yugra State University,561
Gorgan University of Agricultural Sciences and Natural Resources,562
Adam Mickiewicz University in Poznań,563
Shahid Beheshti University,564
Bocconi University,565
Kindai University,566
Ames Research Center,567
Institut de Recherche pour le Développement,568
Marshall University,569
ForestGEO,570
Regional Water Management Authority in Warsaw,571
ABS Consulting (United States),572
Bayerisches Landesamt für Umwelt,573
University of the Pacific,574
University of Tehran,575
Université du Québec à Chicoutimi,576
Canadian Sport Centre Pacific,577
Advanced Materials and Devices (United States),578
"California State University, Sacramento",579
Beijing Forestry University,580
Ocean University of China,581
Federal Institute of Hydrology,582
Shanghai University of Traditional Chinese Medicine,583
Changsha University of Science and Technology,584
Wuhan University,585
University of Oklahoma,586
Dalian Maritime University,587
RAND Corporation,588
Sichuan Agricultural University,589
International Institute for Applied Systems Analysis,590
National Aeronautics and Space Administration,591
Jiangsu University,592
Institute of Tibetan Plateau Research,593
National Centers for Environmental Prediction,594
University of Missouri,595
"Grassland, Soil and Water Research Laboratory",596
University of Pardubice,597
"University at Buffalo, State University of New York",598
Universidade Estadual Paulista (Unesp),599
"Rutgers, The State University of New Jersey",600
Zhejiang Institute of Science and Technology Information,601
University of Lleida,602
Guangxi Normal University,603
"China University of Petroleum, East China",604
University of Ulster,605
Universidade de Cuiabá,606
Wayne State University,607
Johns Hopkins University,608
Dongguk University Ilsan Hospital,609
Korea Advanced Institute of Science and Technology,610
North China University of Water Resources and Electric Power,611
Korea Polar Research Institute,612
Ludwig-Maximilians-Universität München,613
IWW Water Centre,614
Anhui University,615
"Centre for Arctic Gas Hydrate, Environment and Climate",616
Tartu Observatory,617
Environment Agency,618
Centro de Investigación y Tecnología Agroalimentaria de Aragón,619
Laboratoire d’Études en Géophysique et Océanographie Spatiales,620
Guangdong University of Technology,621
University of Valencia Science Park,622
Universidade Federal de Campina Grande,623
Queen Mary University of London,624
University of Strathclyde,625
China University of Mining and Technology,626
Ministry of Natural Resources,627
"Milieux Environnementaux, Transferts et Interactions dans les Hydrosystèmes et les Sols",628
CICERO Center for International Climate Research,629
RWTH Aachen University,630
National Agricultural Technology Institute,631
University of Magallanes,632
Juul (United States),633
Xerox (Canada),634
United States Army Corps of Engineers,635
Shanghai Maritime University,636
Griffith University,637
Alaska Biological Research (United States),638
Geological Survey of Denmark and Greenland,639
US Forest Service,640
University of Technology Sydney,641
Drexel University,642
"University of California, Riverside",643
Institute of Applied Ecology,644
Golder Associates (Canada),645
University of Leicester,646
Guangdong Medical College,647
Ecosystem Sciences,648
Harbin Institute of Technology,649
Nagoya University,650
Lanzhou University of Technology,651
University of Delhi,652
AgResearch,653
Southwest Petroleum University,654
Brigham and Women's Hospital,655
City College of New York,656
Centre d'Écologie Fonctionnelle et Évolutive,657
Ain Shams University,658
Triangle,659
University of Chile,660
Austrian Research Centre for Forests,661
International Commission on Missing Persons,662
University of Colorado Denver,663
Bangor University,664
LinkedIn (United States),665
University of the Sunshine Coast,666
Slovenian Environment Agency,667
Società Italiana di Fisica,668
Chulalongkorn University,669
CSI Piemonte,670
Alberta Health,671
Bowdoin College,672
Bundesamt für Wasserwirtschaft,673
Hengyang Academy of Agricultural Sciences,674
University of Hawaiʻi at Mānoa,675
Sharp Memorial Hospital,676
Saskatoon City Hospital,677
Shanghai Sunshine Rehabilitation Center,678
Umeå University,679
Office of Oceanic and Atmospheric Research,680
Osservatorio Astronomico della Regione Autonoma Valle d'Aosta,681
Institute of Mineralogy,682
Center for Climate and Resilience Research,683
Norsk Hydro (Norway),684
Geophysical Fluid Dynamics Laboratory,685
Technical University of Crete,686
Technische Universität Berlin,687
Peking University International Hospital,688
First Affiliated Hospital of Chongqing Medical University,689
Institute for Molecular Science,690
Harbin Engineering University,691
Huazhong Agricultural University,692
Norwegian University of Life Sciences,693
Beijing University of Chemical Technology,694
Gdańsk University of Technology,695
Ningbo University,696
Leibniz University Hannover,697
Université de Moncton,698
Wildlife Conservation Society Fiji,699
National Cancer Institute,700
Aurora College,701
University Hospital Heidelberg,702
University of Houston,703
"National Agency for New Technologies, Energy and Sustainable Economic Development",704
State Key Laboratory of Remote Sensing Science,705
University of Rome Tor Vergata,706
Engineering (Italy),707
Xinjiang University,708
Medical College of Wisconsin,709
Italian Society of Physiotherapy,710
Federal University of São Carlos,711
Leidos (United States),712
Science and Technology Corporation (United States),713
Institute for Circumpolar Health Research,714
Queen's University Belfast,715
For farmers (United Kingdom),716
Washington University in St. Louis,717
Federal Institute for Geosciences and Natural Resources,718
NLR Nepal,719
Jeremy Benn Associates (United Kingdom),720
University of Greenland,721
STMicroelectronics (France),722
Wildlife Conservation Society,723
Sejong University,724
Affiliated Hospital of Southwest Medical University,725
Hainan University,726
Macao Polytechnic University,727
Taipei Medical University-Shuang Ho Hospital,728
Consejo Nacional de Investigaciones Científicas y Técnicas,729
Research Institute for Nature and Forest,730
"United Nations Educational, Scientific and Cultural Organization Switzerland",731
Banaras Hindu University,732
Heriot-Watt University,733
Dalian Institute of Chemical Physics,734
Nanjing Institute of Industry Technology,735
Chongqing Jiaotong University,736
Italian Institute of Technology,737
British Columbia Children's Hospital,738
Forest Research Institute Malaysia,739
BC Centre for Disease Control,740
Jiangsu Provincial Center for Disease Control and Prevention,741
Chengdu University of Technology,742
China National Environmental Monitoring Center,743
Balsillie School of International Affairs,744
Agricultural Research Corporation,745
Linköping University,746
Estacion Experimental de Zonas Aridas,747
Agricultural Plant Physiology and Ecology Research Institute,748
United States Bureau of Reclamation,749
Landscape Institute,750
Woods Hole Oceanographic Institution,751
University of French Guiana,752
Canadian Association of Research Libraries,753
Sewanee: The University of the South,754
GNS Science,755
University of South Bohemia in České Budějovice,756
University of Miyazaki,757
University of Oregon,758
Smithsonian Environmental Research Center,759
Amherst College,760
International Institute of Tropical Forestry,761
Research Triangle Park Foundation,762
Islamic Azad University Central Tehran Branch,763
Institute of Ecology and Biodiversity,764
Magellium (France),765
Astronomy and Space,766
University of Electronic Science and Technology of China,767
Laboratoire Jean Kuntzmann,768
Federal University of Paraíba,769
Azienda Sanitaria Locale Viterbo,770
Basque Centre for Climate Change,771
Cooper University Health Care,772
Bryn Mawr Hospital,773
University of Sassari,774
Edith Cowan University,775
Making View (Norway),776
Zunyi Medical University,777
University of Cologne,778
Sonora Institute of Technology,779
South Dakota State University,780
"Ministère des Forêts, de la Faune et des Parcs",781
International Rice Research Institute,782
University of Botswana,783
Emory University,784
"Gouvernance, Risque, Environnement, Développement",785
Sisters of Mercy Health System,786
Fisheries Research Agency,787
Syracuse University,788
Jiangnan University,789
Chinese Academy of Forestry,790
University of Debrecen,791
Museo Nacional de Ciencias Naturales,792
Beijing Ditan Hospital,793
Weizmann Institute of Science,794
Siberian Federal University,795
École de Technologie Supérieure,796
Amirkabir University of Technology,797
Hebei University of Technology,798
University of Nevada Reno,799
Battelle,800
German Center for Integrative Biodiversity Research,801
Franklin & Marshall College,802
Faringdon Day Hospital,803
Uludağ University,804
Volgograd Regional Clinical Oncology Center,805
Optima Neuroscience (United States),806
Central South University,807
University of Rennes,808
Stockholm Resilience Centre,809
State Key Joint Laboratory of Environment Simulation and Pollution Control,810
Chinese University of Hong Kong,811
Australian Research Council,812
Delta Water Management Research Unit,813
China Agricultural University,814
Health Canada,815
Alberta Innovates,816
Zhongnan Hospital of Wuhan University,817
Silva Tarouca Research Institute for Landscape and Ornamental Gardening,818
Forests and Societies,819
Humboldt State University,820
Institut National de Santé Publique du Québec,821
Bundang Jesaeng Hospital,822
Beijing University of Technology,823
Chinese Academy of Fishery Sciences,824
Zhongshan Hospital of Xiamen University,825
Fudan University,826
Université Paris Cité,827
Université de Lorraine,828
Centre de Recherche sur l'Environnement Alpin,829
Southwest Forestry University,830
"Czech Academy of Sciences, Institute of Botany",831
University of Toyama,832
Rudjer Boskovic Institute,833
Laboratoire de Mécanique et Génie Civil,834
University of Liverpool,835
University of Toledo,836
ORCID,837
Nautilus Environmental,838
Bushfire and Natural Hazards CRC,839
Kansas State University,840
Japan Meteorological Agency,841
Aspen Global Change Institute,842
KWR Water Research Institute,843
University of Bern,844
Swiss Paraplegic Research,845
Aerodyne Research,846
Istituti di Ricovero e Cura a Carattere Scientifico,847
City University of New York,848
University of Hong Kong,849
Institute for Interdisciplinary Mountain Research,850
National Taiwan University,851
Senckenberg Biodiversity and Climate Research Centre,852
"Écologie, Systématique et Évolution",853
Luxembourg Institute of Science and Technology,854
Acadia University,855
University of Łódź,856
University of Paris-Saclay,857
Santé et Agroécologie du Vignoble,858
McNeese State University,859
Rhodes University,860
Scripps Institution of Oceanography,861
Zhengzhou University of Aeronautics,862
ARC Centre of Excellence for Climate System Science,863
Slovak University of Technology in Bratislava,864
Shanghai Jiao Tong University,865
University of St Andrews,866
Berkeley College,867
Nordwestdeutsche Forstliche Versuchsanstalt,868
Curtin University,869
Chinese Research Academy of Environmental Sciences,870
James Hutton Institute,871
Environmental Earth Observation Information Technology (Austria),872
University of Lisbon,873
Hubei University of Technology,874
South African Environmental Observation Network,875
Carbon180,876
Hayatabad Medical Complex,877
CS Communication & Systèmes (France),878
Selkirk College,879
Cadi Ayyad University,880
Jiangsu Vocational Institute of Commerce,881
Korea Institute of Ocean Science and Technology,882
The Abdus Salam International Centre for Theoretical Physics (ICTP),883
The University of Texas at Arlington,884
Centre Tecnològic Forestal de Catalunya,885
King's College London,886
Northeastern State University,887
Royal Botanic Garden Edinburgh,888
Northeastern University,889
Soil Science Research Unit,890
Ericsson (Sweden),891
Amt für Wald und Naturgefahren,892
Cooperative Institute for Research in Environmental Sciences,893
Institut Pierre-Simon Laplace,894
Sandia National Laboratories,895
Forum Réfugiés - Cosi,896
Norwegian Water Resources and Energy Directorate,897
World Bank,898
Politecnico di Milano,899
University of Kentucky,900
Texas Tech University,901
Federal University of Lavras,902
Central University of Finance and Economics,903
University of Science and Technology Beijing,904
Alberta Ministry of Agriculture and Forestry,905
Beijing Institute of Technology,906
Royal Observatory,907
Jinan University,908
Brookhaven National Laboratory,909
Anhui Normal University,910
University of Central Florida,911
National Institute of Water and Atmospheric Research,912
China Meteorological Administration,913
Shiraz University,914
New Zealand Association of Counsellors,915
University of the West of England,916
"University of Maryland, College Park",917
Central Michigan University,918
UiT The Arctic University of Norway,919
Universidad Politécnica de Cartagena,920
St. Francis Xavier University,921
Marine Biological Laboratory,922
"CItés, Territoires, Environnement et Sociétés",923
Peking Union Medical College Hospital,924
University of Hawaii System,925
Shandong University of Traditional Chinese Medicine,926
Central China Normal University,927
Pacific Northwest Research Station,928
Spanish National Research Council,929
Chandigarh University,930
Obafemi Awolowo University,931
Western Caspian University,932
Chinese Academy of Meteorological Sciences,933
Rural Development Administration,934
Astri Polska (Poland),935
Istanbul Technical University,936
Siberian Branch of the Russian Academy of Sciences,937
Bundesanstalt für Wasserbau,938
University of Oulu,939
Nepean Hospital,940
Hull York Medical School,941
University of Miami,942
Interuniversity Cooperation Centre Water & Health,943
Hebei University,944
Ramboll (Denmark),945
Northeast Institute of Geography and Agroecology,946
University of Basel,947
Stevens Institute of Technology,948
"California State University, Monterey Bay",949
Alberta Biodiversity Monitoring Institute,950
University of Southern California,951
University of Bonn,952
University of Lapland,953
Yunnan University,954
Canadian Science Centre for Human and Animal Health,955
Alberta Energy,956
Rossdales Veterinary Surgeons,957
University of Canterbury,958
National Tsing Hua University,959
Pacific Southwest Research Station,960
Missouri State University,961
Universidad del Papaloapan,962
TGS (United Kingdom),963
Smithsonian Tropical Research Institute,964
University of Hull,965
Southeast University,966
University of Wisconsin–Green Bay,967
Portland State University,968
Eberswalde University for Sustainable Development,969
Nanjing University of Posts and Telecommunications,970
Bavarian State Research Center for Agriculture,971
Qinghai University,972
"University of California, Santa Cruz",973
Generalitat Valenciana,974
Nord University,975
High Magnetic Field Laboratory,976
University of Canberra,977
Universidad Andrés Bello,978
Phillips Exeter Academy,979
Tianjin University of Technology,980
South Australian Research and Development Institute,981
Laboratoire de Physique Subatomique et des Technologies Associées,982
Swedish Institute,983
Observatoire de la Côte d’Azur,984
Community Initiatives,985
Station d’Écologie Théorique et Expérimentale,986
Instituto de Catálisis y Petroleoquímica,987
Swiss Tropical and Public Health Institute,988
Center for Global Development,989
Williams (United Kingdom),990
Institute of Ecology and Genetics of Microorganisms,991
Matrix Research (United States),992
Royal Marsden NHS Foundation Trust,993
International Centre for Integrated Mountain Development,994
Ottawa Hospital,995
Orygen,996
Lear (Spain),997
Waterford Institute of Technology,998
Teagasc - The Irish Agriculture and Food Development Authority,999
Unilever (United Kingdom),1000
Insmed (United States),1001
University of Guilan,1002
Muscat College,1003
Yibin University,1004
McCormick (United States),1005
Hefei University of Technology,1006
Techno Innovation South Tyrol (Italy),1007
Georgia Southern University,1008
Guilin University of Technology,1009
Weifang University,1010
Clausthal University of Technology,1011
Babeș-Bolyai University,1012
Nerviano Medical Sciences,1013
Maxwell Institute for Mathematical Sciences,1014
Northwestern Polytechnical University,1015
Decision Sciences (United States),1016
Shandong Jianzhu University,1017
Suzhou University of Science and Technology,1018
Zhejiang Marine Fisheries Research Institute,1019
Tre Altamira (Spain),1020
"California State University, Chico",1021
St Petersburg University,1022
Zhengzhou Normal University,1023
International Center for Agricultural Research in the Dry Areas,1024
Swinburne University of Technology,1025
Abisko Scientific Research Station,1026
Instituto de Botânica,1027
Instituto de Ecología,1028
University of Cambridge,1029
Wake Forest University,1030
Federal State Budgetary Scientific Institution Research Institute of Medical Primatology,1031
The University of Kitakyushu,1032
"Islamic Azad University, Science and Research Branch",1033
Iran University of Science and Technology,1034
Mount Royal University,1035
Anhui University of Science and Technology,1036
International Atomic Energy Agency,1037
Chonnam National University,1038
Khalifa University of Science and Technology,1039
Yanbian University,1040
"Czech Academy of Sciences, Institute of Atmospheric Physics",1041
Broadcom (United States),1042
Qingdao University,1043
Sichuan Academy of Medical Sciences & Sichuan Provincial People's Hospital,1044
Pfizer (United Kingdom),1045
École Nationale Supérieure d'Ingénieurs de Caen,1046
Xiangyang Central Hospital,1047
National Space Science Center,1048
Exp services (Canada),1049
Bulgarian Academy of Sciences,1050
Gannan Normal University,1051
Shandong Institute of Automation,1052
Shandong Academy of Sciences,1053
Hospital Ana Nery,1054
Centro Agronomico Tropical de Investigacion y Ensenanza Catie,1055
Laboratory Evolution and Biological Diversity,1056
University Hospital Cologne,1057
Research Institute of Petroleum Exploration and Development,1058
Universidad Politécnica de Madrid,1059
Institute of Agrifood Research and Technology,1060
Albrecht von Haller Foundation,1061
State Optical Institute named after SI Vavilov,1062
Ecology of Guianan Forests,1063
University of the Amazon,1064
"Czech Academy of Sciences, Institute of Hydrodynamics",1065
Shanghai University of Electric Power,1066
Hong Kong University of Science and Technology,1067
Affiliated Eye Hospital of Wenzhou Medical College,1068
West China Hospital of Sichuan University,1069
Renmin University of China,1070
Hebei Agricultural University,1071
Northeast Petroleum University,1072
Hubei Urban Construction Vocational and Technological College,1073
IMDEA Materials,1074
United Nations University Institute on Comparative Regional Integration Studies,1075
Urbana University,1076
Rio de Janeiro State University,1077
Acciona (Spain),1078
Global Blood Therapeutics (United States),1079
Gansu Agricultural University,1080
Instituto Nacional de Investigação Agrária e Veterinária,1081
Institut Agro Montpelier,1082
University of Defence,1083
Stellenbosch University,1084
Universidade Federal do Ceará,1085
Manchester Metropolitan University,1086
Université Libre de Luozi,1087
Royal Horticultural Society,1088
Institute of Natural Resources and Agrobiology of Seville,1089
Universidad Nacional Autónoma de México,1090
Khon Kaen University,1091
Dongguk University,1092
University Surgical Associates,1093
University of Jaén,1094
Incheon National University,1095
Universidad Pablo de Olavide,1096
Institute of Environmental Assessment and Water Research,1097
Playa Ancha University of Educational Sciences,1098
Saitama University,1099
University of Antofagasta,1100
Elanco (United States),1101
Instituto Tecnológico del Salmón,1102
Concello de Cervo,1103
Vietnam Academy of Science and Technology,1104
Research Institute for Geo-Hydrological Protection,1105
Foreign Trade University,1106
Ramon Llull University,1107
Hochschule Magdeburg-Stendal,1108
Center for Environmental and Geographic Information Services,1109
Howard University,1110
Fundación Santa Fe de Bogotá,1111
Henan Agricultural University,1112
Guangdong Academy of Sciences,1113
Géosciences Rennes,1114
Bjerknes Centre for Climate Research,1115
Dartmouth College,1116
Institute of Atmospheric Physics,1117
Kinetic Art & Technology (United States),1118
International Management Institute,1119
Wuhan Institute of Technology,1120
Singapore Management University,1121
Tencent (China),1122
Microsoft Research (India),1123
European Commission,1124
Alfaisal University,1125
Trelleborg (Sweden),1126
University of Montpellier,1127
University of Barcelona,1128
Servicio Nacional de Meteorología e Hidrología del Perú,1129
University of America,1130
Oklahoma State University,1131
Nalanda University,1132
Agricultural Research Service - Plains Area,1133
University of North Carolina at Charlotte,1134
Centre Provence-Alpes-Côte d'Azur,1135
Ernst Ruska Centre,1136
Radiotelevisione Italiana (Italy),1137
University of North Dakota,1138
Universitat Politècnica de Catalunya,1139
United States Army Combat Capabilities Development Command,1140
In-Situ (United States),1141
Australian Nuclear Science and Technology Organisation,1142
Montana State University,1143
National Nuclear Energy Agency of Indonesia,1144
Hellenic Mediterranean University,1145
Atmosphere Plant Soil Interactions,1146
Murdoch University,1147
Pontifical Bolivarian University,1148
World Economic Forum,1149
Southern Federal University,1150
Université Ibn Zohr,1151
Princess Alexandra Hospital,1152
University Hospitals of Cleveland,1153
Rütgers (Germany),1154
Ambulance Victoria,1155
Environmental Research Institute,1156
Qatar University,1157
Indian Institute of Integrative Medicine,1158
KTH Royal Institute of Technology,1159
Marine Conservation Institute,1160
PSL Research University,1161
International Union for Conservation of Nature,1162
ARC Centre of Excellence for Coral Reef Studies,1163
Centre de Recherches Insulaires et Observatoire de l'Environnement,1164
Azienda Ospedaliera Sant'Andrea,1165
International Institute for Environment and Development,1166
University of Pisa,1167
World Wide Fund for Nature,1168
United States Census Bureau,1169
Xiangya Hospital Central South University,1170
China National Petroleum Corporation (China),1171
Engineer Research and Development Center,1172
Second Affiliated Hospital of Xi'an Jiaotong University,1173
Lethbridge College,1174
UCLA Health,1175
Government of Saskatchewan,1176
Chongqing Institute of Green and Intelligent Technology,1177
Petroleum University of Technology,1178
Institute of Rock and Soil Mechanics,1179
Yeungnam University,1180
Indian Institute of Technology Bombay,1181
Council for Scientific and Industrial Research,1182
Tianjin First Center Hospital,1183
Swiss National Science Foundation,1184
3M (United States),1185
Birmingham Women’s and Children’s NHS Foundation Trust,1186
Norwegian Computing Center,1187
Swedish Civil Contingencies Agency,1188
Ministry of Agriculture and Forestry,1189
Sichuan University of Science and Engineering,1190
Beijing Municipal Ecological and Environmental Monitoring Center,1191
Affiliated Hospital of Jiangsu University,1192
Qilu Hospital of Shandong University,1193
Kwame Nkrumah University of Science and Technology,1194
Qingdao University of Science and Technology,1195
University of London,1196
Telethon Institute Of Genetics And Medicine,1197
Sir Sayajirao General Hospital Medical College,1198
Carnegie Mellon University,1199
University of Kurdistan,1200
Rodale Institute,1201
Hubei University,1202
Huanghe Science and Technology College,1203
Desertification Research Centre,1204
University Kebangsaan Malaysia Medical Centre,1205
University of Calabria,1206
Linyi People's Hospital,1207
College of Charleston,1208
Assiut University,1209
Wisconsin Department of Natural Resources,1210
Chang'an University,1211
Institute for Global Environmental Strategies,1212
National Centers for Environmental Information,1213
Grid-Arendal,1214
Southern California Coastal Water Research Project,1215
SINTEF,1216
Second Hospital of Tianjin Medical University,1217
Embry–Riddle Aeronautical University,1218
La Trobe University,1219
University of Pretoria,1220
Pusan National University Yangsan Hospital,1221
University of Coimbra,1222
Ministry of Forests,1223
Hangzhou Normal University,1224
State Key Laboratory of Hydrology-Water Resources and Hydraulic Engineering,1225
Institute for Research in Fundamental Sciences,1226
Northwest University,1227
University of Bordeaux,1228
Jiangxi Copper (China),1229
Macau University of Science and Technology,1230
University of Macau,1231
Hong Kong Polytechnic University,1232
Institute for Clinical Evaluative Sciences,1233
Shanxi Medical University,1234
University of Burdwan,1235
National Human Genome Research Institute,1236
Sensors (United States),1237
IIT@MIT,1238
Sorbonne University Abu Dhabi,1239
Universidad del Rosario,1240
Langley Research Center,1241
Ministry of Water Resources of the People's Republic of China,1242
Norleaf Networks (Canada),1243
École des Ponts ParisTech,1244
Instituto Politécnico Nacional,1245
Universidade Federal de Minas Gerais,1246
Thomas Jefferson University,1247
Charles University,1248
Wilkes University,1249
NorQuest College,1250
State Key Laboratory of Chemical Engineering,1251
Ferdowsi University of Mashhad,1252
Université Mohammed VI Polytechnique,1253
Nunavik Regional Board of Health and Social Services,1254
Gwich'in Council International,1255
Watershed,1256
University of Stirling,1257
Institute for Humanities Research and Indigenous Studies of the North,1258
Council of Yukon First Nations,1259
North Slope Borough,1260
VillageReach,1261
Atma Jaya Catholic University of Indonesia,1262
York Central Hospital,1263
Chinese PLA General Hospital,1264
Qilu University of Technology,1265
Moscow Institute of Thermal Technology,1266
Wuhan University of Technology,1267
Fujian Medical University,1268
Huazhong University of Science and Technology,1269
Triad National Security (United States),1270
Kongju National University,1271
Leitat Technological Center,1272
Kyungpook National University,1273
Korea Basic Science Institute,1274
Federal University of Rio Grande do Norte,1275
The Arctic Eider Society,1276
Neste Oil (Finland),1277
University of Kashan,1278
Inuit Circumpolar Council,1279
Peoples' Friendship University of Russia,1280
Agri Food and Biosciences Institute,1281
University of Wollongong,1282
Inner Mongolia Agricultural University,1283
Shanghai University,1284
Northwest Irrigation and Soils Research Laboratory,1285
University of Mary,1286
Institute of Evolutionary Biology,1287
Singapore University of Technology and Design,1288
State Key Laboratory of Information Engineering in Surveying Mapping and Remote Sensing,1289
Optical Sciences (United States),1290
Beijing HuiLongGuan Hospital,1291
Harbin University of Science and Technology,1292
Petronas (Malaysia),1293
University of Orléans,1294
University of the Witwatersrand,1295
BlackRock (United States),1296
Nanjing University of Chinese Medicine,1297
META Health,1298
Universitas Sains Al-Qur'an,1299
Thames Water (United Kingdom),1300
University of Brasília,1301
Washington Department of Natural Resources,1302
Booz Allen Hamilton (United States),1303
Bidhan Chandra Krishi Viswavidyalaya,1304
IVL - Swedish Environmental Research Institute,1305
AGH University of Krakow,1306
Gesellschaft für Anlagen und Reaktorsicherheit,1307
Ontario Power Generation,1308
Tokyo University of Agriculture and Technology,1309
UNSW Sydney,1310
Soil Conservation and Watershed Management Research,1311
University of Salento,1312
Institute of Physics of Cantabria,1313
International Livestock Research Institute,1314
Shizuoka University,1315
State Hydrological Institute,1316
University for Foreigners Perugia,1317
Quzhou University,1318
University of Southern Denmark,1319
"University of Architecture, Civil Engineering and Geodesy",1320
Melnikov Permafrost Institute of the Siberian Branch of the Russian Academy of Science,1321
University of Business and Technology,1322
Laboratoire de Biotechnologie et Chimie Marines,1323
The Scarborough Hospital,1324
University of Seoul,1325
Flatiron Health (United States),1326
Dublin Dental University Hospital,1327
Middle East Technical University,1328
Dalian University,1329
China Institute of Water Resources and Hydropower Research,1330
Goddard Institute for Space Studies,1331
Kailuan General Hospital,1332
Murray State University,1333
Wuhan Institute of Virology,1334
IFP Énergies nouvelles,1335
Asia Centre,1336
American Geophysical Union,1337
National Institutes of Health,1338
Anhui Jianzhu University,1339
University of Southampton,1340
Geological Survey of Austria,1341
Landesklinikum Korneuburg,1342
Jiangsu Provincial Urban Planning and Design Institute,1343
Bonneville Power Administration,1344
Blue Quills First Nations College,1345
Advanced Micro Devices (Canada),1346
St. Michael's Hospital,1347
Catalan Institute for Water Research,1348
L. N. Gumilyov Eurasian National University,1349
Honeywell (Canada),1350
Software (Spain),1351
Colorado School of Mines,1352
Institute of Hydrology,1353
Slovak Hydrometeorological Institute,1354
University of Stuttgart,1355
Chongqing Cancer Hospital,1356
Minnesota Department of Natural Resources,1357
Northeast Climate Science Center,1358
Gillette Children's Specialty Healthcare,1359
United States Social Security Administration,1360
Zhejiang Ocean University,1361
Great Lakes Commission,1362
Dana-Farber Cancer Institute,1363
Monash University Malaysia,1364
Malaviya National Institute of Technology Jaipur,1365
Andalusian Institute of Agricultural and Fisheries Research and Training,1366
Jilin Province Science and Technology Department,1367
University of Santiago de Compostela,1368
Université Gustave Eiffel,1369
Rutherford Appleton Laboratory,1370
Tokyo Institute of Technology,1371
Bahauddin Zakariya University,1372
Barcelona Supercomputing Center,1373
Global Health Research Center of Central Asia,1374
Environmental Defense Fund,1375
Grand Valley State University,1376
Michigan Department of Natural Resources,1377
University of Konstanz,1378
Clarkson University,1379
Tamil Nadu Agricultural University,1380
Maria Fertility Hospital,1381
Kunsan National University,1382
Korea National Institute of Health,1383
Daegu Gyeongbuk Institute of Science and Technology,1384
Hollister (United States),1385
Guangdong Provincial People's Hospital,1386
Chengdu University,1387
University of Trás-os-Montes and Alto Douro,1388
Huashan Hospital,1389
Chinese Academy of Social Sciences,1390
"University of Nevada, Las Vegas",1391
Xihua University,1392
Institute of Geophysics,1393
University of Latvia,1394
Miami University,1395
Boğaziçi University,1396
Arctic Research Centre,1397
Government of Western Australia Department of Health,1398
Institute of Field and Vegetable Crops,1399
Northrop Grumman (United States),1400
Taipei Tzu Chi Hospital,1401
Waters (United States),1402
Institute for Basic Science,1403
Gemeinschaftsklinikum Mittelrhein,1404
University of Augsburg,1405
Scottish Water (United Kingdom),1406
Indigo Information Services (United States),1407
University of York,1408
Wuhan Botanical Garden,1409
BP (United Kingdom),1410
EcoHealth Alliance,1411
Wildlife Trusts,1412
China Southern Power Grid (China),1413
Ministry of Agriculture and Rural Affairs,1414
Gdynia Maritime University,1415
Deimos Engenharia (Portugal),1416
Chinese Academy of Agricultural Mechanization Sciences,1417
Zhejiang Taizhou Hospital,1418
Universidade Nova de Lisboa,1419
Université de Parakou,1420
Guangxi University,1421
Southwest Hospital,1422
Laboratoire de Météorologie Physique,1423
GEOMAR Helmholtz Centre for Ocean Research Kiel,1424
College of Marin,1425
Massachusetts Department of Public Health,1426
WorldFish,1427
East–West Center,1428
Arup Group (United Kingdom),1429
Far Eastern Branch of the Russian Academy of Sciences,1430
University of Jinan,1431
Taiyuan University of Technology,1432
Collaborative Innovation Center of Chemistry for Energy Materials,1433
Inter-American Development Bank,1434
Mälardalen University,1435
Cognizant (India),1436
Nanchang University,1437
Hunan University,1438
Nanjing University,1439
Royal Hospital for Children,1440
Jiangxi Provincial Cancer Hospital,1441
Henan University,1442
Anhui Medical University,1443
Conservation Science Partners,1444
Laboratoire Écologie Fonctionnelle et Environnement,1445
Indian Institute of Technology Roorkee,1446
China Telecom (China),1447
Ashoka Trust for Research in Ecology and the Environment,1448
Mount Holyoke College,1449
Shanghai Tenth People's Hospital,1450
Florida State University,1451
Ontario Forest Research Institute,1452
Instituto Franco-Argentino sobre Estudios de Clima y sus Impactos,1453
University of Neuchâtel,1454
Stockholm Environment Institute,1455
National University of Defense Technology,1456
Royal Holloway University of London,1457
Uva Wellassa University,1458
Jilin Jianzhu University,1459
University of California Division of Agriculture and Natural Resources,1460
Shanghai University of Engineering Sciences,1461
University of Michigan–Dearborn,1462
Groundwater Center,1463
First Nations University of Canada,1464
SNC-Lavalin (Canada),1465
Pontificia Universidad Javeriana,1466
Bryan College,1467
Tanjungpura University,1468
Government of Nunavut,1469
Southwest Jiaotong University,1470
Lanzhou University Second Hospital,1471
Liaoning Meteorological Bureau,1472
Environmental Energy & Engineering,1473
Nirma University,1474
Institute of Mountain Hazards and Environment,1475
Michigan United,1476
Shenzhen Institutes of Advanced Technology,1477
Cleveland Clinic,1478
Bio-Rad (United States),1479
University of Bath,1480
University of Lincoln,1481
Leibniz Institute DSMZ – German Collection of Microorganisms and Cell Cultures,1482
University of Iowa,1483
Vidyasagar University,1484
Ukrainian Free University,1485
Integra (United States),1486
Towson University,1487
Asiaq Greenland Survey,1488
University of St. Gallen,1489
Management Center Innsbruck,1490
University of Chicago,1491
Fluminense Federal University,1492
Protein Metrics (United States),1493
New York University,1494
Chuzhou University,1495
United Nations,1496
Seoul Veterans Hospital,1497
Dhaka University of Engineering & Technology,1498
Changzhou No.2 People's Hospital,1499
PES University,1500
Ikerbasque,1501
Centre de Biologie et de Gestion des Populations,1502
Beijing Institute of Petrochemical Technology,1503
Guizhou Education University,1504
Laboratoire Interdisciplinaire Carnot de Bourgogne,1505
Osnabrück University,1506
University of Dundee,1507
Center for International Forestry Research,1508
Canada–France–Hawaii Telescope,1509
Henan University of Science and Technology,1510
Central South University of Forestry and Technology,1511
University of Nottingham Ningbo China,1512
Fuzhou University,1513
University of Oviedo,1514
United States Fish and Wildlife Service,1515
Mohammad Ali Jauhar University,1516
Chongqing University of Posts and Telecommunications,1517
Lanzhou University,1518
Xinzhou Teachers University,1519
Roslin Institute,1520
Center for Snow and Avalanche Studies,1521
University of Life Sciences in Poznań,1522
Bogor Agricultural University,1523
Xinjiang Production and Construction Corps,1524
Nanchang Institute of Technology,1525
Centre For Cold Ocean Resources Engineering,1526
South China Agricultural University,1527
Chongqing Academy of Agricultural Sciences,1528
Canadian Museum of Nature,1529
China Three Gorges University,1530
State Grid Corporation of China (China),1531
Bureau of Land Management,1532
Laboratoire de Météorologie Dynamique,1533
Zhejiang University-University of Edinburgh Institute,1534
Swansea University,1535
Tianjin Normal University,1536
Athabasca University,1537
King Abdulaziz University,1538
University of Gonabad,1539
Fujian Agriculture and Forestry University,1540
Hunan Agricultural University,1541
China Jiliang University,1542
State Ethnic Affairs Commission,1543
Wenzhou University,1544
Morton Arboretum,1545
Smithsonian Conservation Biology Institute,1546
Department of National Parks Wildlife and Plant Conservation,1547
Janssen (United States),1548
University of Silesia,1549
Agricultural University of Athens,1550
Isfahan University of Technology,1551
Van Hall Larenstein University of Applied Sciences,1552
Université du Québec en Abitibi-Témiscamingue,1553
Nihon University,1554
Tula Foundation,1555
Institute of Biology of Komi Scientific Centre,1556
Ministry of the Environment,1557
Meta (Israel),1558
Norwegian Environment Agency,1559
Geoscience BC,1560
Agence Régionale de Santé Nouvelle-Aquitaine,1561
FPInnovations,1562
Scion,1563
"Environment, City, Society",1564
Canadian Water Network,1565
Zhongnan University of Economics and Law,1566
National Institute of Development Administration,1567
Shandong University of Technology,1568
Sylhet Agricultural University,1569
Texas A&M Health Science Center,1570
Shanxi Agricultural University,1571
Qingdao Agricultural University,1572
Pioneer Hi-Bred,1573
Shandong Agricultural University,1574
Center for Satellite Applications and Research,1575
National Taipei University of Technology,1576
Ningxia Medical University,1577
Agricultural Research Institute of Ontario,1578
Barrie Urology Group,1579
King University,1580
Indian Institute of Technology Delhi,1581
Synkera Technologies (United States),1582
UMR Territoires,1583
Vardhman Mahavir Medical College & Safdarjung Hospital,1584
Instituto Federal do Triângulo Mineiro,1585
Autonomous University of Coahuila,1586
Charles Sturt University,1587
Field Museum of Natural History,1588
Wildlife Conservation Society United Kingdom,1589
Environmental Protection Agency,1590
University of Southern Queensland,1591
Nepal Development Research Institute,1592
Bangabandhu Sheikh Mujibur Rahman Agricultural University,1593
Meta (United States),1594
International Maize and Wheat Improvement Center,1595
Health Sciences and Nutrition,1596
Cereal Research Centre,1597
Jiaozuo University,1598
University College London,1599
Hunan Normal University,1600
Ollscoil na Gaillimhe – University of Galway,1601
Jeonbuk National University,1602
Chalmers University of Technology,1603
University of the Philippines Los Baños,1604
University of Prince Edward Island,1605
Unité de Recherche Œnologie,1606
International Water Management Institute,1607
"Ministry of Agriculture, Food Security and Cooperatives",1608
Scientific Services,1609
Shah Abdul Latif University,1610
Elettra Sincrotrone Trieste,1611
Reykjavík University,1612
The Russian Presidential Academy of National Economy and Public Administration,1613
Barilla (Italy),1614
Ege University,1615
Rothamsted Research,1616
Philipps University of Marburg,1617
Southern Medical University,1618
State Key Laboratory of Hydrology Water Resources and Hydraulic Engineering,1619
South China Institute of Botany,1620
"Klinik und Poliklinik für Hals-, Nasen-, Ohrenheilkunde",1621
IRGO Consulting (Slovenia),1622
"Bundesministerium für Land- und Forstwirtschaft, Umwelt und Wasserwirtschaft",1623
National Centre for Groundwater Research and Training,1624
Mount Saint Vincent University,1625
HR Wallingford,1626
Board of the Swiss Federal Institutes of Technology,1627
Environmental Molecular Sciences Laboratory,1628
University of Évora,1629
Norwegian Institute for Nature Research,1630
Iowa City VA Health Care System,1631
Mansoura University,1632
Tirol Kliniken,1633
Shandong Normal University,1634
University of Fribourg,1635
Instituto de Pesquisa Ambiental da Amazônia,1636
Centro Nacional de Monitoramento e Alertas de Desastres Naturais,1637
Saint Paul University,1638
Oak Ridge Associated Universities,1639
UNAVCO,1640
Blacktown & Mount Druitt Hospital,1641
Vienna Consulting Engineers (Austria),1642
Eastern Connecticut State University,1643
Helsinki Institute of Physics,1644
Dali University,1645
Geological Survey of Brazil,1646
Tel Aviv University,1647
Lviv Polytechnic National University,1648
University Hospital Münster,1649
Ingeniería de Sistemas para la Defensa de España,1650
Instituto Geológico y Minero de España,1651
Federal University of São João del-Rei,1652
Al Azhar University,1653
Zhejiang Institute of Hydraulics & Estuary,1654
Institute of Grassland Research,1655
Cypress College,1656
Toyooka Hospital,1657
Weatherford (Norway),1658
Universitat Politècnica de València,1659
Fundación General,1660
Infosys (India),1661
National Yang Ming University Hospital,1662
Niger Delta University,1663
SUNY College of Environmental Science and Forestry,1664
Hochschule Geisenheim University,1665
Institute of Crop Science,1666
University of Science and Technology of China,1667
Southern University of Science and Technology,1668
The Open University,1669
University of Massachusetts Dartmouth,1670
Fujian Normal University,1671
Macalester College,1672
University of Almería,1673
Iowa State University,1674
Hôpital Roger Salengro,1675
"Animal, Santé, Territoires, Risques et Ecosystèmes",1676
Ministry of Natural Resources and Wildlife,1677
